id,type,app,module,message,DES.src,DES.dst,TOPO.src,TOPO.dst,module.src,service,time_in,time_out,time_emit,time_reception
1,COMP_M,6G_DRONE_0,Image_Acquisition,Image_Acquirement,0,120,0,3,Camera,0.0,10,10.0,10.0,10.0
2,COMP_M,6G_DRONE_0,IMU_Measurement_Acquisition,Inertial_Data_Acquirement,1,121,1,3,IMU,0.0,10,10.0,10.0,10.0
3,COMP_M,6G_DRONE_1,Image_Acquisition,Image_Acquirement,3,125,4,7,Camera,0.0,10,10.0,10.0,10.0
4,COMP_M,6G_DRONE_1,IMU_Measurement_Acquisition,Inertial_Data_Acquirement,4,126,5,7,IMU,0.0,10,10.0,10.0,10.0
5,COMP_M,6G_DRONE_2,Image_Acquisition,Image_Acquirement,6,130,8,11,Camera,0.0,10,10.0,10.0,10.0
6,COMP_M,6G_DRONE_2,IMU_Measurement_Acquisition,Inertial_Data_Acquirement,7,131,9,11,IMU,0.0,10,10.0,10.0,10.0
7,COMP_M,6G_DRONE_3,Image_Acquisition,Image_Acquirement,9,135,12,15,Camera,0.0,10,10.0,10.0,10.0
8,COMP_M,6G_DRONE_3,IMU_Measurement_Acquisition,Inertial_Data_Acquirement,10,136,13,15,IMU,0.0,10,10.0,10.0,10.0
9,COMP_M,6G_DRONE_4,Image_Acquisition,Image_Acquirement,12,140,16,19,Camera,0.0,10,10.0,10.0,10.0
10,COMP_M,6G_DRONE_4,IMU_Measurement_Acquisition,Inertial_Data_Acquirement,13,141,17,19,IMU,0.0,10,10.0,10.0,10.0
11,COMP_M,6G_DRONE_5,Image_Acquisition,Image_Acquirement,15,145,20,23,Camera,0.0,10,10.0,10.0,10.0
12,COMP_M,6G_DRONE_5,IMU_Measurement_Acquisition,Inertial_Data_Acquirement,16,146,21,23,IMU,0.0,10,10.0,10.0,10.0
13,COMP_M,6G_DRONE_6,Image_Acquisition,Image_Acquirement,18,150,24,27,Camera,0.0,10,10.0,10.0,10.0
14,COMP_M,6G_DRONE_6,IMU_Measurement_Acquisition,Inertial_Data_Acquirement,19,151,25,27,IMU,0.0,10,10.0,10.0,10.0
15,COMP_M,6G_DRONE_7,Image_Acquisition,Image_Acquirement,21,155,28,31,Camera,0.0,10,10.0,10.0,10.0
16,COMP_M,6G_DRONE_7,IMU_Measurement_Acquisition,Inertial_Data_Acquirement,22,156,29,31,IMU,0.0,10,10.0,10.0,10.0
17,COMP_M,6G_DRONE_8,Image_Acquisition,Image_Acquirement,24,160,32,35,Camera,0.0,10,10.0,10.0,10.0
18,COMP_M,6G_DRONE_8,IMU_Measurement_Acquisition,Inertial_Data_Acquirement,25,161,33,35,IMU,0.0,10,10.0,10.0,10.0
19,COMP_M,6G_DRONE_9,Image_Acquisition,Image_Acquirement,27,165,36,39,Camera,0.0,10,10.0,10.0,10.0
20,COMP_M,6G_DRONE_9,IMU_Measurement_Acquisition,Inertial_Data_Acquirement,28,166,37,39,IMU,0.0,10,10.0,10.0,10.0
21,COMP_M,6G_DRONE_10,Image_Acquisition,Image_Acquirement,30,170,40,43,Camera,0.0,10,10.0,10.0,10.0
22,COMP_M,6G_DRONE_10,IMU_Measurement_Acquisition,Inertial_Data_Acquirement,31,171,41,43,IMU,0.0,10,10.0,10.0,10.0
23,COMP_M,6G_DRONE_11,Image_Acquisition,Image_Acquirement,33,175,44,47,Camera,0.0,10,10.0,10.0,10.0
24,COMP_M,6G_DRONE_11,IMU_Measurement_Acquisition,Inertial_Data_Acquirement,34,176,45,47,IMU,0.0,10,10.0,10.0,10.0
25,COMP_M,6G_DRONE_12,Image_Acquisition,Image_Acquirement,36,180,48,51,Camera,0.0,10,10.0,10.0,10.0
26,COMP_M,6G_DRONE_12,IMU_Measurement_Acquisition,Inertial_Data_Acquirement,37,181,49,51,IMU,0.0,10,10.0,10.0,10.0
27,COMP_M,6G_DRONE_13,Image_Acquisition,Image_Acquirement,39,185,52,55,Camera,0.0,10,10.0,10.0,10.0
28,COMP_M,6G_DRONE_13,IMU_Measurement_Acquisition,Inertial_Data_Acquirement,40,186,53,55,IMU,0.0,10,10.0,10.0,10.0
29,COMP_M,6G_DRONE_14,Image_Acquisition,Image_Acquirement,42,190,56,59,Camera,0.0,10,10.0,10.0,10.0
30,COMP_M,6G_DRONE_14,IMU_Measurement_Acquisition,Inertial_Data_Acquirement,43,191,57,59,IMU,0.0,10,10.0,10.0,10.0
31,COMP_M,6G_DRONE_15,Image_Acquisition,Image_Acquirement,45,195,60,63,Camera,0.0,10,10.0,10.0,10.0
32,COMP_M,6G_DRONE_15,IMU_Measurement_Acquisition,Inertial_Data_Acquirement,46,196,61,63,IMU,0.0,10,10.0,10.0,10.0
33,COMP_M,6G_DRONE_16,Image_Acquisition,Image_Acquirement,48,200,64,67,Camera,0.0,10,10.0,10.0,10.0
34,COMP_M,6G_DRONE_16,IMU_Measurement_Acquisition,Inertial_Data_Acquirement,49,201,65,67,IMU,0.0,10,10.0,10.0,10.0
35,COMP_M,6G_DRONE_17,Image_Acquisition,Image_Acquirement,51,205,68,71,Camera,0.0,10,10.0,10.0,10.0
36,COMP_M,6G_DRONE_17,IMU_Measurement_Acquisition,Inertial_Data_Acquirement,52,206,69,71,IMU,0.0,10,10.0,10.0,10.0
37,COMP_M,6G_DRONE_18,Image_Acquisition,Image_Acquirement,54,210,72,75,Camera,0.0,10,10.0,10.0,10.0
38,COMP_M,6G_DRONE_18,IMU_Measurement_Acquisition,Inertial_Data_Acquirement,55,211,73,75,IMU,0.0,10,10.0,10.0,10.0
39,COMP_M,6G_DRONE_19,Image_Acquisition,Image_Acquirement,57,215,76,79,Camera,0.0,10,10.0,10.0,10.0
40,COMP_M,6G_DRONE_19,IMU_Measurement_Acquisition,Inertial_Data_Acquirement,58,216,77,79,IMU,0.0,10,10.0,10.0,10.0
41,COMP_M,6G_DRONE_20,Image_Acquisition,Image_Acquirement,60,220,80,83,Camera,0.0,10,10.0,10.0,10.0
42,COMP_M,6G_DRONE_20,IMU_Measurement_Acquisition,Inertial_Data_Acquirement,61,221,81,83,IMU,0.0,10,10.0,10.0,10.0
43,COMP_M,6G_DRONE_21,Image_Acquisition,Image_Acquirement,63,225,84,87,Camera,0.0,10,10.0,10.0,10.0
44,COMP_M,6G_DRONE_21,IMU_Measurement_Acquisition,Inertial_Data_Acquirement,64,226,85,87,IMU,0.0,10,10.0,10.0,10.0
45,COMP_M,6G_DRONE_22,Image_Acquisition,Image_Acquirement,66,230,88,91,Camera,0.0,10,10.0,10.0,10.0
46,COMP_M,6G_DRONE_22,IMU_Measurement_Acquisition,Inertial_Data_Acquirement,67,231,89,91,IMU,0.0,10,10.0,10.0,10.0
47,COMP_M,6G_DRONE_23,Image_Acquisition,Image_Acquirement,69,235,92,95,Camera,0.0,10,10.0,10.0,10.0
48,COMP_M,6G_DRONE_23,IMU_Measurement_Acquisition,Inertial_Data_Acquirement,70,236,93,95,IMU,0.0,10,10.0,10.0,10.0
49,COMP_M,6G_DRONE_24,Image_Acquisition,Image_Acquirement,72,240,96,99,Camera,0.0,10,10.0,10.0,10.0
50,COMP_M,6G_DRONE_24,IMU_Measurement_Acquisition,Inertial_Data_Acquirement,73,241,97,99,IMU,0.0,10,10.0,10.0,10.0
51,COMP_M,6G_DRONE_25,Image_Acquisition,Image_Acquirement,75,245,100,103,Camera,0.0,10,10.0,10.0,10.0
52,COMP_M,6G_DRONE_25,IMU_Measurement_Acquisition,Inertial_Data_Acquirement,76,246,101,103,IMU,0.0,10,10.0,10.0,10.0
53,COMP_M,6G_DRONE_26,Image_Acquisition,Image_Acquirement,78,250,104,107,Camera,0.0,10,10.0,10.0,10.0
54,COMP_M,6G_DRONE_26,IMU_Measurement_Acquisition,Inertial_Data_Acquirement,79,251,105,107,IMU,0.0,10,10.0,10.0,10.0
55,COMP_M,6G_DRONE_27,Image_Acquisition,Image_Acquirement,81,255,108,111,Camera,0.0,10,10.0,10.0,10.0
56,COMP_M,6G_DRONE_27,IMU_Measurement_Acquisition,Inertial_Data_Acquirement,82,256,109,111,IMU,0.0,10,10.0,10.0,10.0
57,COMP_M,6G_DRONE_28,Image_Acquisition,Image_Acquirement,84,260,112,115,Camera,0.0,10,10.0,10.0,10.0
58,COMP_M,6G_DRONE_28,IMU_Measurement_Acquisition,Inertial_Data_Acquirement,85,261,113,115,IMU,0.0,10,10.0,10.0,10.0
59,COMP_M,6G_DRONE_29,Image_Acquisition,Image_Acquirement,87,265,116,119,Camera,0.0,10,10.0,10.0,10.0
60,COMP_M,6G_DRONE_29,IMU_Measurement_Acquisition,Inertial_Data_Acquirement,88,266,117,119,IMU,0.0,10,10.0,10.0,10.0
61,COMP_M,6G_DRONE_30,Image_Acquisition,Image_Acquirement,90,270,120,123,Camera,0.0,10,10.0,10.0,10.0
62,COMP_M,6G_DRONE_30,IMU_Measurement_Acquisition,Inertial_Data_Acquirement,91,271,121,123,IMU,0.0,10,10.0,10.0,10.0
63,COMP_M,6G_DRONE_31,Image_Acquisition,Image_Acquirement,93,275,124,127,Camera,0.0,10,10.0,10.0,10.0
64,COMP_M,6G_DRONE_31,IMU_Measurement_Acquisition,Inertial_Data_Acquirement,94,276,125,127,IMU,0.0,10,10.0,10.0,10.0
65,COMP_M,6G_DRONE_32,Image_Acquisition,Image_Acquirement,96,280,128,131,Camera,0.0,10,10.0,10.0,10.0
66,COMP_M,6G_DRONE_32,IMU_Measurement_Acquisition,Inertial_Data_Acquirement,97,281,129,131,IMU,0.0,10,10.0,10.0,10.0
67,COMP_M,6G_DRONE_33,Image_Acquisition,Image_Acquirement,99,285,132,135,Camera,0.0,10,10.0,10.0,10.0
68,COMP_M,6G_DRONE_33,IMU_Measurement_Acquisition,Inertial_Data_Acquirement,100,286,133,135,IMU,0.0,10,10.0,10.0,10.0
69,COMP_M,6G_DRONE_34,Image_Acquisition,Image_Acquirement,102,290,136,139,Camera,0.0,10,10.0,10.0,10.0
70,COMP_M,6G_DRONE_34,IMU_Measurement_Acquisition,Inertial_Data_Acquirement,103,291,137,139,IMU,0.0,10,10.0,10.0,10.0
71,COMP_M,6G_DRONE_35,Image_Acquisition,Image_Acquirement,105,295,140,143,Camera,0.0,10,10.0,10.0,10.0
72,COMP_M,6G_DRONE_35,IMU_Measurement_Acquisition,Inertial_Data_Acquirement,106,296,141,143,IMU,0.0,10,10.0,10.0,10.0
73,COMP_M,6G_DRONE_36,Image_Acquisition,Image_Acquirement,108,300,144,147,Camera,0.0,10,10.0,10.0,10.0
74,COMP_M,6G_DRONE_36,IMU_Measurement_Acquisition,Inertial_Data_Acquirement,109,301,145,147,IMU,0.0,10,10.0,10.0,10.0
75,COMP_M,6G_DRONE_37,Image_Acquisition,Image_Acquirement,111,305,148,151,Camera,0.0,10,10.0,10.0,10.0
76,COMP_M,6G_DRONE_37,IMU_Measurement_Acquisition,Inertial_Data_Acquirement,112,306,149,151,IMU,0.0,10,10.0,10.0,10.0
77,COMP_M,6G_DRONE_38,Image_Acquisition,Image_Acquirement,114,310,152,155,Camera,0.0,10,10.0,10.0,10.0
78,COMP_M,6G_DRONE_38,IMU_Measurement_Acquisition,Inertial_Data_Acquirement,115,311,153,155,IMU,0.0,10,10.0,10.0,10.0
79,COMP_M,6G_DRONE_39,Image_Acquisition,Image_Acquirement,117,315,156,159,Camera,0.0,10,10.0,10.0,10.0
80,COMP_M,6G_DRONE_39,IMU_Measurement_Acquisition,Inertial_Data_Acquirement,118,316,157,159,IMU,0.0,10,10.0,10.0,10.0
1,COMP_M,6G_DRONE_0,Feature_Extraction,Image,120,122,3,1966,Image_Acquisition,26.632,833.180996992,859.812996992,10.0,833.180996992
41,COMP_M,6G_DRONE_20,Feature_Extraction,Image,220,222,83,1966,Image_Acquisition,26.632,833.180996992,859.812996992,10.0,833.180996992
3,COMP_M,6G_DRONE_1,Feature_Extraction,Image,125,127,7,1966,Image_Acquisition,26.632,833.222153984,859.8541539839999,10.0,833.222153984
43,COMP_M,6G_DRONE_21,Feature_Extraction,Image,225,227,87,1966,Image_Acquisition,26.632,833.222153984,859.8541539839999,10.0,833.222153984
5,COMP_M,6G_DRONE_2,Feature_Extraction,Image,130,132,11,1966,Image_Acquisition,26.632,833.263310976,859.8953109759999,10.0,833.263310976
45,COMP_M,6G_DRONE_22,Feature_Extraction,Image,230,232,91,1966,Image_Acquisition,26.632,833.263310976,859.8953109759999,10.0,833.263310976
7,COMP_M,6G_DRONE_3,Feature_Extraction,Image,135,137,15,1966,Image_Acquisition,26.632,833.3044679679999,859.9364679679999,10.0,833.3044679679999
47,COMP_M,6G_DRONE_23,Feature_Extraction,Image,235,237,95,1966,Image_Acquisition,26.632,833.3044679679999,859.9364679679999,10.0,833.3044679679999
9,COMP_M,6G_DRONE_4,Feature_Extraction,Image,140,142,19,1966,Image_Acquisition,26.632,833.3456249599999,859.9776249599998,10.0,833.3456249599999
49,COMP_M,6G_DRONE_24,Feature_Extraction,Image,240,242,99,1966,Image_Acquisition,26.632,833.3456249599999,859.9776249599998,10.0,833.3456249599999
11,COMP_M,6G_DRONE_5,Feature_Extraction,Image,145,147,23,1966,Image_Acquisition,26.632,833.3867819519999,860.0187819519998,10.0,833.3867819519999
51,COMP_M,6G_DRONE_25,Feature_Extraction,Image,245,247,103,1966,Image_Acquisition,26.632,833.3867819519999,860.0187819519998,10.0,833.3867819519999
13,COMP_M,6G_DRONE_6,Feature_Extraction,Image,150,152,27,1966,Image_Acquisition,26.632,833.4279389439998,860.0599389439998,10.0,833.4279389439998
53,COMP_M,6G_DRONE_26,Feature_Extraction,Image,250,252,107,1966,Image_Acquisition,26.632,833.4279389439998,860.0599389439998,10.0,833.4279389439998
15,COMP_M,6G_DRONE_7,Feature_Extraction,Image,155,157,31,1966,Image_Acquisition,26.632,833.4690959359998,860.1010959359998,10.0,833.4690959359998
55,COMP_M,6G_DRONE_27,Feature_Extraction,Image,255,257,111,1966,Image_Acquisition,26.632,833.4690959359998,860.1010959359998,10.0,833.4690959359998
17,COMP_M,6G_DRONE_8,Feature_Extraction,Image,160,162,35,1966,Image_Acquisition,26.632,833.5102529279998,860.1422529279997,10.0,833.5102529279998
57,COMP_M,6G_DRONE_28,Feature_Extraction,Image,260,262,115,1966,Image_Acquisition,26.632,833.5102529279998,860.1422529279997,10.0,833.5102529279998
19,COMP_M,6G_DRONE_9,Feature_Extraction,Image,165,167,39,1966,Image_Acquisition,26.632,833.5514099199997,860.1834099199997,10.0,833.5514099199997
59,COMP_M,6G_DRONE_29,Feature_Extraction,Image,265,267,119,1966,Image_Acquisition,26.632,833.5514099199997,860.1834099199997,10.0,833.5514099199997
21,COMP_M,6G_DRONE_10,Feature_Extraction,Image,170,172,43,1966,Image_Acquisition,26.632,833.5925669119997,860.2245669119997,10.0,833.5925669119997
61,COMP_M,6G_DRONE_30,Feature_Extraction,Image,270,272,123,1966,Image_Acquisition,26.632,833.5925669119997,860.2245669119997,10.0,833.5925669119997
23,COMP_M,6G_DRONE_11,Feature_Extraction,Image,175,177,47,1966,Image_Acquisition,26.632,833.6337239039997,860.2657239039996,10.0,833.6337239039997
63,COMP_M,6G_DRONE_31,Feature_Extraction,Image,275,277,127,1966,Image_Acquisition,26.632,833.6337239039997,860.2657239039996,10.0,833.6337239039997
25,COMP_M,6G_DRONE_12,Feature_Extraction,Image,180,182,51,1966,Image_Acquisition,26.632,833.6748808959996,860.3068808959996,10.0,833.6748808959996
65,COMP_M,6G_DRONE_32,Feature_Extraction,Image,280,282,131,1966,Image_Acquisition,26.632,833.6748808959996,860.3068808959996,10.0,833.6748808959996
27,COMP_M,6G_DRONE_13,Feature_Extraction,Image,185,187,55,1966,Image_Acquisition,26.632,833.7160378879996,860.3480378879996,10.0,833.7160378879996
67,COMP_M,6G_DRONE_33,Feature_Extraction,Image,285,287,135,1966,Image_Acquisition,26.632,833.7160378879996,860.3480378879996,10.0,833.7160378879996
29,COMP_M,6G_DRONE_14,Feature_Extraction,Image,190,192,59,1966,Image_Acquisition,26.632,833.7571948799996,860.3891948799995,10.0,833.7571948799996
69,COMP_M,6G_DRONE_34,Feature_Extraction,Image,290,292,139,1966,Image_Acquisition,26.632,833.7571948799996,860.3891948799995,10.0,833.7571948799996
31,COMP_M,6G_DRONE_15,Feature_Extraction,Image,195,197,63,1966,Image_Acquisition,26.632,833.7983518719996,860.4303518719995,10.0,833.7983518719996
71,COMP_M,6G_DRONE_35,Feature_Extraction,Image,295,297,143,1966,Image_Acquisition,26.632,833.7983518719996,860.4303518719995,10.0,833.7983518719996
33,COMP_M,6G_DRONE_16,Feature_Extraction,Image,200,202,67,1966,Image_Acquisition,26.632,833.8395088639995,860.4715088639995,10.0,833.8395088639995
73,COMP_M,6G_DRONE_36,Feature_Extraction,Image,300,302,147,1966,Image_Acquisition,26.632,833.8395088639995,860.4715088639995,10.0,833.8395088639995
35,COMP_M,6G_DRONE_17,Feature_Extraction,Image,205,207,71,1966,Image_Acquisition,26.632,833.8806658559995,860.5126658559994,10.0,833.8806658559995
75,COMP_M,6G_DRONE_37,Feature_Extraction,Image,305,307,151,1966,Image_Acquisition,26.632,833.8806658559995,860.5126658559994,10.0,833.8806658559995
37,COMP_M,6G_DRONE_18,Feature_Extraction,Image,210,212,75,1966,Image_Acquisition,26.632,833.9218228479995,860.5538228479994,10.0,833.9218228479995
77,COMP_M,6G_DRONE_38,Feature_Extraction,Image,310,312,155,1966,Image_Acquisition,26.632,833.9218228479995,860.5538228479994,10.0,833.9218228479995
39,COMP_M,6G_DRONE_19,Feature_Extraction,Image,215,217,79,1966,Image_Acquisition,26.632,833.9629798399994,860.5949798399994,10.0,833.9629798399994
79,COMP_M,6G_DRONE_39,Feature_Extraction,Image,315,317,159,1966,Image_Acquisition,26.632,833.9629798399994,860.5949798399994,10.0,833.9629798399994
2,COMP_M,6G_DRONE_0,MSCKF_Update,Inertial_Data,121,123,3,1966,IMU_Measurement_Acquisition,0.0,833.9629801199994,833.9629801199994,10.0,833.9629801199994
42,COMP_M,6G_DRONE_20,MSCKF_Update,Inertial_Data,221,223,83,1966,IMU_Measurement_Acquisition,0.0,833.9629801199994,833.9629801199994,10.0,833.9629801199994
4,COMP_M,6G_DRONE_1,MSCKF_Update,Inertial_Data,126,128,7,1966,IMU_Measurement_Acquisition,0.0,833.9629803999994,833.9629803999994,10.0,833.9629803999994
44,COMP_M,6G_DRONE_21,MSCKF_Update,Inertial_Data,226,228,87,1966,IMU_Measurement_Acquisition,0.0,833.9629803999994,833.9629803999994,10.0,833.9629803999994
6,COMP_M,6G_DRONE_2,MSCKF_Update,Inertial_Data,131,133,11,1966,IMU_Measurement_Acquisition,0.0,833.9629806799994,833.9629806799994,10.0,833.9629806799994
46,COMP_M,6G_DRONE_22,MSCKF_Update,Inertial_Data,231,233,91,1966,IMU_Measurement_Acquisition,0.0,833.9629806799994,833.9629806799994,10.0,833.9629806799994
8,COMP_M,6G_DRONE_3,MSCKF_Update,Inertial_Data,136,138,15,1966,IMU_Measurement_Acquisition,0.0,833.9629809599994,833.9629809599994,10.0,833.9629809599994
48,COMP_M,6G_DRONE_23,MSCKF_Update,Inertial_Data,236,238,95,1966,IMU_Measurement_Acquisition,0.0,833.9629809599994,833.9629809599994,10.0,833.9629809599994
10,COMP_M,6G_DRONE_4,MSCKF_Update,Inertial_Data,141,143,19,1966,IMU_Measurement_Acquisition,0.0,833.9629812399994,833.9629812399994,10.0,833.9629812399994
50,COMP_M,6G_DRONE_24,MSCKF_Update,Inertial_Data,241,243,99,1966,IMU_Measurement_Acquisition,0.0,833.9629812399994,833.9629812399994,10.0,833.9629812399994
12,COMP_M,6G_DRONE_5,MSCKF_Update,Inertial_Data,146,148,23,1966,IMU_Measurement_Acquisition,0.0,833.9629815199994,833.9629815199994,10.0,833.9629815199994
52,COMP_M,6G_DRONE_25,MSCKF_Update,Inertial_Data,246,248,103,1966,IMU_Measurement_Acquisition,0.0,833.9629815199994,833.9629815199994,10.0,833.9629815199994
14,COMP_M,6G_DRONE_6,MSCKF_Update,Inertial_Data,151,153,27,1966,IMU_Measurement_Acquisition,0.0,833.9629817999994,833.9629817999994,10.0,833.9629817999994
54,COMP_M,6G_DRONE_26,MSCKF_Update,Inertial_Data,251,253,107,1966,IMU_Measurement_Acquisition,0.0,833.9629817999994,833.9629817999994,10.0,833.9629817999994
16,COMP_M,6G_DRONE_7,MSCKF_Update,Inertial_Data,156,158,31,1966,IMU_Measurement_Acquisition,0.0,833.9629820799994,833.9629820799994,10.0,833.9629820799994
56,COMP_M,6G_DRONE_27,MSCKF_Update,Inertial_Data,256,258,111,1966,IMU_Measurement_Acquisition,0.0,833.9629820799994,833.9629820799994,10.0,833.9629820799994
18,COMP_M,6G_DRONE_8,MSCKF_Update,Inertial_Data,161,163,35,1966,IMU_Measurement_Acquisition,0.0,833.9629823599994,833.9629823599994,10.0,833.9629823599994
58,COMP_M,6G_DRONE_28,MSCKF_Update,Inertial_Data,261,263,115,1966,IMU_Measurement_Acquisition,0.0,833.9629823599994,833.9629823599994,10.0,833.9629823599994
20,COMP_M,6G_DRONE_9,MSCKF_Update,Inertial_Data,166,168,39,1966,IMU_Measurement_Acquisition,0.0,833.9629826399994,833.9629826399994,10.0,833.9629826399994
60,COMP_M,6G_DRONE_29,MSCKF_Update,Inertial_Data,266,268,119,1966,IMU_Measurement_Acquisition,0.0,833.9629826399994,833.9629826399994,10.0,833.9629826399994
22,COMP_M,6G_DRONE_10,MSCKF_Update,Inertial_Data,171,173,43,1966,IMU_Measurement_Acquisition,0.0,833.9629829199994,833.9629829199994,10.0,833.9629829199994
62,COMP_M,6G_DRONE_30,MSCKF_Update,Inertial_Data,271,273,123,1966,IMU_Measurement_Acquisition,0.0,833.9629829199994,833.9629829199994,10.0,833.9629829199994
24,COMP_M,6G_DRONE_11,MSCKF_Update,Inertial_Data,176,178,47,1966,IMU_Measurement_Acquisition,0.0,833.9629831999994,833.9629831999994,10.0,833.9629831999994
64,COMP_M,6G_DRONE_31,MSCKF_Update,Inertial_Data,276,278,127,1966,IMU_Measurement_Acquisition,0.0,833.9629831999994,833.9629831999994,10.0,833.9629831999994
26,COMP_M,6G_DRONE_12,MSCKF_Update,Inertial_Data,181,183,51,1966,IMU_Measurement_Acquisition,0.0,833.9629834799994,833.9629834799994,10.0,833.9629834799994
66,COMP_M,6G_DRONE_32,MSCKF_Update,Inertial_Data,281,283,131,1966,IMU_Measurement_Acquisition,0.0,833.9629834799994,833.9629834799994,10.0,833.9629834799994
28,COMP_M,6G_DRONE_13,MSCKF_Update,Inertial_Data,186,188,55,1966,IMU_Measurement_Acquisition,0.0,833.9629837599994,833.9629837599994,10.0,833.9629837599994
68,COMP_M,6G_DRONE_33,MSCKF_Update,Inertial_Data,286,288,135,1966,IMU_Measurement_Acquisition,0.0,833.9629837599994,833.9629837599994,10.0,833.9629837599994
30,COMP_M,6G_DRONE_14,MSCKF_Update,Inertial_Data,191,193,59,1966,IMU_Measurement_Acquisition,0.0,833.9629840399994,833.9629840399994,10.0,833.9629840399994
70,COMP_M,6G_DRONE_34,MSCKF_Update,Inertial_Data,291,293,139,1966,IMU_Measurement_Acquisition,0.0,833.9629840399994,833.9629840399994,10.0,833.9629840399994
32,COMP_M,6G_DRONE_15,MSCKF_Update,Inertial_Data,196,198,63,1966,IMU_Measurement_Acquisition,0.0,833.9629843199994,833.9629843199994,10.0,833.9629843199994
72,COMP_M,6G_DRONE_35,MSCKF_Update,Inertial_Data,296,298,143,1966,IMU_Measurement_Acquisition,0.0,833.9629843199994,833.9629843199994,10.0,833.9629843199994
34,COMP_M,6G_DRONE_16,MSCKF_Update,Inertial_Data,201,203,67,1966,IMU_Measurement_Acquisition,0.0,833.9629845999993,833.9629845999993,10.0,833.9629845999993
74,COMP_M,6G_DRONE_36,MSCKF_Update,Inertial_Data,301,303,147,1966,IMU_Measurement_Acquisition,0.0,833.9629845999993,833.9629845999993,10.0,833.9629845999993
36,COMP_M,6G_DRONE_17,MSCKF_Update,Inertial_Data,206,208,71,1966,IMU_Measurement_Acquisition,0.0,833.9629848799993,833.9629848799993,10.0,833.9629848799993
76,COMP_M,6G_DRONE_37,MSCKF_Update,Inertial_Data,306,308,151,1966,IMU_Measurement_Acquisition,0.0,833.9629848799993,833.9629848799993,10.0,833.9629848799993
38,COMP_M,6G_DRONE_18,MSCKF_Update,Inertial_Data,211,213,75,1966,IMU_Measurement_Acquisition,0.0,833.9629851599993,833.9629851599993,10.0,833.9629851599993
78,COMP_M,6G_DRONE_38,MSCKF_Update,Inertial_Data,311,313,155,1966,IMU_Measurement_Acquisition,0.0,833.9629851599993,833.9629851599993,10.0,833.9629851599993
40,COMP_M,6G_DRONE_19,MSCKF_Update,Inertial_Data,216,218,79,1966,IMU_Measurement_Acquisition,0.0,833.9629854399993,833.9629854399993,10.0,833.9629854399993
80,COMP_M,6G_DRONE_39,MSCKF_Update,Inertial_Data,316,318,159,1966,IMU_Measurement_Acquisition,0.0,833.9629854399993,833.9629854399993,10.0,833.9629854399993
1,COMP_M,6G_DRONE_0,MSCKF_Update,Extracted Features,122,123,1966,1966,Feature_Extraction,2.955,859.812996992,862.767996992,859.812996992,859.812996992
41,COMP_M,6G_DRONE_20,MSCKF_Update,Extracted Features,222,223,1966,1966,Feature_Extraction,2.955,859.812996992,862.767996992,859.812996992,859.812996992
3,COMP_M,6G_DRONE_1,MSCKF_Update,Extracted Features,127,128,1966,1966,Feature_Extraction,2.955,859.8541539839999,862.809153984,859.8541539839999,859.8541539839999
43,COMP_M,6G_DRONE_21,MSCKF_Update,Extracted Features,227,228,1966,1966,Feature_Extraction,2.955,859.8541539839999,862.809153984,859.8541539839999,859.8541539839999
5,COMP_M,6G_DRONE_2,MSCKF_Update,Extracted Features,132,133,1966,1966,Feature_Extraction,2.955,859.8953109759999,862.850310976,859.8953109759999,859.8953109759999
45,COMP_M,6G_DRONE_22,MSCKF_Update,Extracted Features,232,233,1966,1966,Feature_Extraction,2.955,859.8953109759999,862.850310976,859.8953109759999,859.8953109759999
7,COMP_M,6G_DRONE_3,MSCKF_Update,Extracted Features,137,138,1966,1966,Feature_Extraction,2.955,859.9364679679999,862.8914679679999,859.9364679679999,859.9364679679999
47,COMP_M,6G_DRONE_23,MSCKF_Update,Extracted Features,237,238,1966,1966,Feature_Extraction,2.955,859.9364679679999,862.8914679679999,859.9364679679999,859.9364679679999
9,COMP_M,6G_DRONE_4,MSCKF_Update,Extracted Features,142,143,1966,1966,Feature_Extraction,2.955,859.9776249599998,862.9326249599999,859.9776249599998,859.9776249599998
49,COMP_M,6G_DRONE_24,MSCKF_Update,Extracted Features,242,243,1966,1966,Feature_Extraction,2.955,859.9776249599998,862.9326249599999,859.9776249599998,859.9776249599998
11,COMP_M,6G_DRONE_5,MSCKF_Update,Extracted Features,147,148,1966,1966,Feature_Extraction,2.955,860.0187819519998,862.9737819519999,860.0187819519998,860.0187819519998
51,COMP_M,6G_DRONE_25,MSCKF_Update,Extracted Features,247,248,1966,1966,Feature_Extraction,2.955,860.0187819519998,862.9737819519999,860.0187819519998,860.0187819519998
13,COMP_M,6G_DRONE_6,MSCKF_Update,Extracted Features,152,153,1966,1966,Feature_Extraction,2.955,860.0599389439998,863.0149389439998,860.0599389439998,860.0599389439998
53,COMP_M,6G_DRONE_26,MSCKF_Update,Extracted Features,252,253,1966,1966,Feature_Extraction,2.955,860.0599389439998,863.0149389439998,860.0599389439998,860.0599389439998
15,COMP_M,6G_DRONE_7,MSCKF_Update,Extracted Features,157,158,1966,1966,Feature_Extraction,2.955,860.1010959359998,863.0560959359998,860.1010959359998,860.1010959359998
55,COMP_M,6G_DRONE_27,MSCKF_Update,Extracted Features,257,258,1966,1966,Feature_Extraction,2.955,860.1010959359998,863.0560959359998,860.1010959359998,860.1010959359998
17,COMP_M,6G_DRONE_8,MSCKF_Update,Extracted Features,162,163,1966,1966,Feature_Extraction,2.955,860.1422529279997,863.0972529279998,860.1422529279997,860.1422529279997
57,COMP_M,6G_DRONE_28,MSCKF_Update,Extracted Features,262,263,1966,1966,Feature_Extraction,2.955,860.1422529279997,863.0972529279998,860.1422529279997,860.1422529279997
19,COMP_M,6G_DRONE_9,MSCKF_Update,Extracted Features,167,168,1966,1966,Feature_Extraction,2.955,860.1834099199997,863.1384099199997,860.1834099199997,860.1834099199997
59,COMP_M,6G_DRONE_29,MSCKF_Update,Extracted Features,267,268,1966,1966,Feature_Extraction,2.955,860.1834099199997,863.1384099199997,860.1834099199997,860.1834099199997
21,COMP_M,6G_DRONE_10,MSCKF_Update,Extracted Features,172,173,1966,1966,Feature_Extraction,2.955,860.2245669119997,863.1795669119997,860.2245669119997,860.2245669119997
61,COMP_M,6G_DRONE_30,MSCKF_Update,Extracted Features,272,273,1966,1966,Feature_Extraction,2.955,860.2245669119997,863.1795669119997,860.2245669119997,860.2245669119997
23,COMP_M,6G_DRONE_11,MSCKF_Update,Extracted Features,177,178,1966,1966,Feature_Extraction,2.955,860.2657239039996,863.2207239039997,860.2657239039996,860.2657239039996
63,COMP_M,6G_DRONE_31,MSCKF_Update,Extracted Features,277,278,1966,1966,Feature_Extraction,2.955,860.2657239039996,863.2207239039997,860.2657239039996,860.2657239039996
25,COMP_M,6G_DRONE_12,MSCKF_Update,Extracted Features,182,183,1966,1966,Feature_Extraction,2.955,860.3068808959996,863.2618808959996,860.3068808959996,860.3068808959996
65,COMP_M,6G_DRONE_32,MSCKF_Update,Extracted Features,282,283,1966,1966,Feature_Extraction,2.955,860.3068808959996,863.2618808959996,860.3068808959996,860.3068808959996
27,COMP_M,6G_DRONE_13,MSCKF_Update,Extracted Features,187,188,1966,1966,Feature_Extraction,2.955,860.3480378879996,863.3030378879996,860.3480378879996,860.3480378879996
67,COMP_M,6G_DRONE_33,MSCKF_Update,Extracted Features,287,288,1966,1966,Feature_Extraction,2.955,860.3480378879996,863.3030378879996,860.3480378879996,860.3480378879996
29,COMP_M,6G_DRONE_14,MSCKF_Update,Extracted Features,192,193,1966,1966,Feature_Extraction,2.955,860.3891948799995,863.3441948799996,860.3891948799995,860.3891948799995
69,COMP_M,6G_DRONE_34,MSCKF_Update,Extracted Features,292,293,1966,1966,Feature_Extraction,2.955,860.3891948799995,863.3441948799996,860.3891948799995,860.3891948799995
31,COMP_M,6G_DRONE_15,MSCKF_Update,Extracted Features,197,198,1966,1966,Feature_Extraction,2.955,860.4303518719995,863.3853518719995,860.4303518719995,860.4303518719995
71,COMP_M,6G_DRONE_35,MSCKF_Update,Extracted Features,297,298,1966,1966,Feature_Extraction,2.955,860.4303518719995,863.3853518719995,860.4303518719995,860.4303518719995
33,COMP_M,6G_DRONE_16,MSCKF_Update,Extracted Features,202,203,1966,1966,Feature_Extraction,2.955,860.4715088639995,863.4265088639995,860.4715088639995,860.4715088639995
73,COMP_M,6G_DRONE_36,MSCKF_Update,Extracted Features,302,303,1966,1966,Feature_Extraction,2.955,860.4715088639995,863.4265088639995,860.4715088639995,860.4715088639995
35,COMP_M,6G_DRONE_17,MSCKF_Update,Extracted Features,207,208,1966,1966,Feature_Extraction,2.955,860.5126658559994,863.4676658559995,860.5126658559994,860.5126658559994
75,COMP_M,6G_DRONE_37,MSCKF_Update,Extracted Features,307,308,1966,1966,Feature_Extraction,2.955,860.5126658559994,863.4676658559995,860.5126658559994,860.5126658559994
37,COMP_M,6G_DRONE_18,MSCKF_Update,Extracted Features,212,213,1966,1966,Feature_Extraction,2.955,860.5538228479994,863.5088228479995,860.5538228479994,860.5538228479994
77,COMP_M,6G_DRONE_38,MSCKF_Update,Extracted Features,312,313,1966,1966,Feature_Extraction,2.955,860.5538228479994,863.5088228479995,860.5538228479994,860.5538228479994
39,COMP_M,6G_DRONE_19,MSCKF_Update,Extracted Features,217,218,1966,1966,Feature_Extraction,2.955,860.5949798399994,863.5499798399994,860.5949798399994,860.5949798399994
79,COMP_M,6G_DRONE_39,MSCKF_Update,Extracted Features,317,318,1966,1966,Feature_Extraction,2.955,860.5949798399994,863.5499798399994,860.5949798399994,860.5949798399994
1,COMP_M,6G_DRONE_0,Prediction,Corrected_Pose,123,124,1966,3,MSCKF_Update,0.0,862.769117048,862.769117048,862.767996992,862.769117048
41,COMP_M,6G_DRONE_20,Prediction,Corrected_Pose,223,224,1966,83,MSCKF_Update,0.0,862.769117048,862.769117048,862.767996992,862.769117048
1,SINK_M,6G_DRONE_0,Pose_Correction,Pose_Prediction,124,2,3,2,Prediction,0,862.769117048,862.769117048,862.769117048,862.769117048
41,SINK_M,6G_DRONE_20,Pose_Correction,Pose_Prediction,224,62,83,82,Prediction,0,862.769117048,862.769117048,862.769117048,862.769117048
3,COMP_M,6G_DRONE_1,Prediction,Corrected_Pose,128,129,1966,7,MSCKF_Update,0.0,862.81027404,862.81027404,862.809153984,862.81027404
43,COMP_M,6G_DRONE_21,Prediction,Corrected_Pose,228,229,1966,87,MSCKF_Update,0.0,862.81027404,862.81027404,862.809153984,862.81027404
3,SINK_M,6G_DRONE_1,Pose_Correction,Pose_Prediction,129,5,7,6,Prediction,0,862.81027404,862.81027404,862.81027404,862.81027404
43,SINK_M,6G_DRONE_21,Pose_Correction,Pose_Prediction,229,65,87,86,Prediction,0,862.81027404,862.81027404,862.81027404,862.81027404
5,COMP_M,6G_DRONE_2,Prediction,Corrected_Pose,133,134,1966,11,MSCKF_Update,0.0,862.8514310319999,862.8514310319999,862.850310976,862.8514310319999
45,COMP_M,6G_DRONE_22,Prediction,Corrected_Pose,233,234,1966,91,MSCKF_Update,0.0,862.8514310319999,862.8514310319999,862.850310976,862.8514310319999
5,SINK_M,6G_DRONE_2,Pose_Correction,Pose_Prediction,134,8,11,10,Prediction,0,862.8514310319999,862.8514310319999,862.8514310319999,862.8514310319999
45,SINK_M,6G_DRONE_22,Pose_Correction,Pose_Prediction,234,68,91,90,Prediction,0,862.8514310319999,862.8514310319999,862.8514310319999,862.8514310319999
7,COMP_M,6G_DRONE_3,Prediction,Corrected_Pose,138,139,1966,15,MSCKF_Update,0.0,862.8925880239999,862.8925880239999,862.8914679679999,862.8925880239999
47,COMP_M,6G_DRONE_23,Prediction,Corrected_Pose,238,239,1966,95,MSCKF_Update,0.0,862.8925880239999,862.8925880239999,862.8914679679999,862.8925880239999
7,SINK_M,6G_DRONE_3,Pose_Correction,Pose_Prediction,139,11,15,14,Prediction,0,862.8925880239999,862.8925880239999,862.8925880239999,862.8925880239999
47,SINK_M,6G_DRONE_23,Pose_Correction,Pose_Prediction,239,71,95,94,Prediction,0,862.8925880239999,862.8925880239999,862.8925880239999,862.8925880239999
9,COMP_M,6G_DRONE_4,Prediction,Corrected_Pose,143,144,1966,19,MSCKF_Update,0.0,862.9337450159999,862.9337450159999,862.9326249599999,862.9337450159999
49,COMP_M,6G_DRONE_24,Prediction,Corrected_Pose,243,244,1966,99,MSCKF_Update,0.0,862.9337450159999,862.9337450159999,862.9326249599999,862.9337450159999
9,SINK_M,6G_DRONE_4,Pose_Correction,Pose_Prediction,144,14,19,18,Prediction,0,862.9337450159999,862.9337450159999,862.9337450159999,862.9337450159999
49,SINK_M,6G_DRONE_24,Pose_Correction,Pose_Prediction,244,74,99,98,Prediction,0,862.9337450159999,862.9337450159999,862.9337450159999,862.9337450159999
11,COMP_M,6G_DRONE_5,Prediction,Corrected_Pose,148,149,1966,23,MSCKF_Update,0.0,862.9749020079998,862.9749020079998,862.9737819519999,862.9749020079998
51,COMP_M,6G_DRONE_25,Prediction,Corrected_Pose,248,249,1966,103,MSCKF_Update,0.0,862.9749020079998,862.9749020079998,862.9737819519999,862.9749020079998
11,SINK_M,6G_DRONE_5,Pose_Correction,Pose_Prediction,149,17,23,22,Prediction,0,862.9749020079998,862.9749020079998,862.9749020079998,862.9749020079998
51,SINK_M,6G_DRONE_25,Pose_Correction,Pose_Prediction,249,77,103,102,Prediction,0,862.9749020079998,862.9749020079998,862.9749020079998,862.9749020079998
13,COMP_M,6G_DRONE_6,Prediction,Corrected_Pose,153,154,1966,27,MSCKF_Update,0.0,863.0160589999998,863.0160589999998,863.0149389439998,863.0160589999998
53,COMP_M,6G_DRONE_26,Prediction,Corrected_Pose,253,254,1966,107,MSCKF_Update,0.0,863.0160589999998,863.0160589999998,863.0149389439998,863.0160589999998
13,SINK_M,6G_DRONE_6,Pose_Correction,Pose_Prediction,154,20,27,26,Prediction,0,863.0160589999998,863.0160589999998,863.0160589999998,863.0160589999998
53,SINK_M,6G_DRONE_26,Pose_Correction,Pose_Prediction,254,80,107,106,Prediction,0,863.0160589999998,863.0160589999998,863.0160589999998,863.0160589999998
15,COMP_M,6G_DRONE_7,Prediction,Corrected_Pose,158,159,1966,31,MSCKF_Update,0.0,863.0572159919998,863.0572159919998,863.0560959359998,863.0572159919998
55,COMP_M,6G_DRONE_27,Prediction,Corrected_Pose,258,259,1966,111,MSCKF_Update,0.0,863.0572159919998,863.0572159919998,863.0560959359998,863.0572159919998
15,SINK_M,6G_DRONE_7,Pose_Correction,Pose_Prediction,159,23,31,30,Prediction,0,863.0572159919998,863.0572159919998,863.0572159919998,863.0572159919998
55,SINK_M,6G_DRONE_27,Pose_Correction,Pose_Prediction,259,83,111,110,Prediction,0,863.0572159919998,863.0572159919998,863.0572159919998,863.0572159919998
17,COMP_M,6G_DRONE_8,Prediction,Corrected_Pose,163,164,1966,35,MSCKF_Update,0.0,863.0983729839998,863.0983729839998,863.0972529279998,863.0983729839998
57,COMP_M,6G_DRONE_28,Prediction,Corrected_Pose,263,264,1966,115,MSCKF_Update,0.0,863.0983729839998,863.0983729839998,863.0972529279998,863.0983729839998
17,SINK_M,6G_DRONE_8,Pose_Correction,Pose_Prediction,164,26,35,34,Prediction,0,863.0983729839998,863.0983729839998,863.0983729839998,863.0983729839998
57,SINK_M,6G_DRONE_28,Pose_Correction,Pose_Prediction,264,86,115,114,Prediction,0,863.0983729839998,863.0983729839998,863.0983729839998,863.0983729839998
19,COMP_M,6G_DRONE_9,Prediction,Corrected_Pose,168,169,1966,39,MSCKF_Update,0.0,863.1395299759997,863.1395299759997,863.1384099199997,863.1395299759997
59,COMP_M,6G_DRONE_29,Prediction,Corrected_Pose,268,269,1966,119,MSCKF_Update,0.0,863.1395299759997,863.1395299759997,863.1384099199997,863.1395299759997
19,SINK_M,6G_DRONE_9,Pose_Correction,Pose_Prediction,169,29,39,38,Prediction,0,863.1395299759997,863.1395299759997,863.1395299759997,863.1395299759997
59,SINK_M,6G_DRONE_29,Pose_Correction,Pose_Prediction,269,89,119,118,Prediction,0,863.1395299759997,863.1395299759997,863.1395299759997,863.1395299759997
21,COMP_M,6G_DRONE_10,Prediction,Corrected_Pose,173,174,1966,43,MSCKF_Update,0.0,863.1806869679997,863.1806869679997,863.1795669119997,863.1806869679997
61,COMP_M,6G_DRONE_30,Prediction,Corrected_Pose,273,274,1966,123,MSCKF_Update,0.0,863.1806869679997,863.1806869679997,863.1795669119997,863.1806869679997
21,SINK_M,6G_DRONE_10,Pose_Correction,Pose_Prediction,174,32,43,42,Prediction,0,863.1806869679997,863.1806869679997,863.1806869679997,863.1806869679997
61,SINK_M,6G_DRONE_30,Pose_Correction,Pose_Prediction,274,92,123,122,Prediction,0,863.1806869679997,863.1806869679997,863.1806869679997,863.1806869679997
23,COMP_M,6G_DRONE_11,Prediction,Corrected_Pose,178,179,1966,47,MSCKF_Update,0.0,863.2218439599997,863.2218439599997,863.2207239039997,863.2218439599997
63,COMP_M,6G_DRONE_31,Prediction,Corrected_Pose,278,279,1966,127,MSCKF_Update,0.0,863.2218439599997,863.2218439599997,863.2207239039997,863.2218439599997
23,SINK_M,6G_DRONE_11,Pose_Correction,Pose_Prediction,179,35,47,46,Prediction,0,863.2218439599997,863.2218439599997,863.2218439599997,863.2218439599997
63,SINK_M,6G_DRONE_31,Pose_Correction,Pose_Prediction,279,95,127,126,Prediction,0,863.2218439599997,863.2218439599997,863.2218439599997,863.2218439599997
25,COMP_M,6G_DRONE_12,Prediction,Corrected_Pose,183,184,1966,51,MSCKF_Update,0.0,863.2630009519996,863.2630009519996,863.2618808959996,863.2630009519996
65,COMP_M,6G_DRONE_32,Prediction,Corrected_Pose,283,284,1966,131,MSCKF_Update,0.0,863.2630009519996,863.2630009519996,863.2618808959996,863.2630009519996
25,SINK_M,6G_DRONE_12,Pose_Correction,Pose_Prediction,184,38,51,50,Prediction,0,863.2630009519996,863.2630009519996,863.2630009519996,863.2630009519996
65,SINK_M,6G_DRONE_32,Pose_Correction,Pose_Prediction,284,98,131,130,Prediction,0,863.2630009519996,863.2630009519996,863.2630009519996,863.2630009519996
27,COMP_M,6G_DRONE_13,Prediction,Corrected_Pose,188,189,1966,55,MSCKF_Update,0.0,863.3041579439996,863.3041579439996,863.3030378879996,863.3041579439996
67,COMP_M,6G_DRONE_33,Prediction,Corrected_Pose,288,289,1966,135,MSCKF_Update,0.0,863.3041579439996,863.3041579439996,863.3030378879996,863.3041579439996
27,SINK_M,6G_DRONE_13,Pose_Correction,Pose_Prediction,189,41,55,54,Prediction,0,863.3041579439996,863.3041579439996,863.3041579439996,863.3041579439996
67,SINK_M,6G_DRONE_33,Pose_Correction,Pose_Prediction,289,101,135,134,Prediction,0,863.3041579439996,863.3041579439996,863.3041579439996,863.3041579439996
29,COMP_M,6G_DRONE_14,Prediction,Corrected_Pose,193,194,1966,59,MSCKF_Update,0.0,863.3453149359996,863.3453149359996,863.3441948799996,863.3453149359996
69,COMP_M,6G_DRONE_34,Prediction,Corrected_Pose,293,294,1966,139,MSCKF_Update,0.0,863.3453149359996,863.3453149359996,863.3441948799996,863.3453149359996
29,SINK_M,6G_DRONE_14,Pose_Correction,Pose_Prediction,194,44,59,58,Prediction,0,863.3453149359996,863.3453149359996,863.3453149359996,863.3453149359996
69,SINK_M,6G_DRONE_34,Pose_Correction,Pose_Prediction,294,104,139,138,Prediction,0,863.3453149359996,863.3453149359996,863.3453149359996,863.3453149359996
31,COMP_M,6G_DRONE_15,Prediction,Corrected_Pose,198,199,1966,63,MSCKF_Update,0.0,863.3864719279995,863.3864719279995,863.3853518719995,863.3864719279995
71,COMP_M,6G_DRONE_35,Prediction,Corrected_Pose,298,299,1966,143,MSCKF_Update,0.0,863.3864719279995,863.3864719279995,863.3853518719995,863.3864719279995
31,SINK_M,6G_DRONE_15,Pose_Correction,Pose_Prediction,199,47,63,62,Prediction,0,863.3864719279995,863.3864719279995,863.3864719279995,863.3864719279995
71,SINK_M,6G_DRONE_35,Pose_Correction,Pose_Prediction,299,107,143,142,Prediction,0,863.3864719279995,863.3864719279995,863.3864719279995,863.3864719279995
33,COMP_M,6G_DRONE_16,Prediction,Corrected_Pose,203,204,1966,67,MSCKF_Update,0.0,863.4276289199995,863.4276289199995,863.4265088639995,863.4276289199995
73,COMP_M,6G_DRONE_36,Prediction,Corrected_Pose,303,304,1966,147,MSCKF_Update,0.0,863.4276289199995,863.4276289199995,863.4265088639995,863.4276289199995
33,SINK_M,6G_DRONE_16,Pose_Correction,Pose_Prediction,204,50,67,66,Prediction,0,863.4276289199995,863.4276289199995,863.4276289199995,863.4276289199995
73,SINK_M,6G_DRONE_36,Pose_Correction,Pose_Prediction,304,110,147,146,Prediction,0,863.4276289199995,863.4276289199995,863.4276289199995,863.4276289199995
35,COMP_M,6G_DRONE_17,Prediction,Corrected_Pose,208,209,1966,71,MSCKF_Update,0.0,863.4687859119995,863.4687859119995,863.4676658559995,863.4687859119995
75,COMP_M,6G_DRONE_37,Prediction,Corrected_Pose,308,309,1966,151,MSCKF_Update,0.0,863.4687859119995,863.4687859119995,863.4676658559995,863.4687859119995
35,SINK_M,6G_DRONE_17,Pose_Correction,Pose_Prediction,209,53,71,70,Prediction,0,863.4687859119995,863.4687859119995,863.4687859119995,863.4687859119995
75,SINK_M,6G_DRONE_37,Pose_Correction,Pose_Prediction,309,113,151,150,Prediction,0,863.4687859119995,863.4687859119995,863.4687859119995,863.4687859119995
37,COMP_M,6G_DRONE_18,Prediction,Corrected_Pose,213,214,1966,75,MSCKF_Update,0.0,863.5099429039994,863.5099429039994,863.5088228479995,863.5099429039994
77,COMP_M,6G_DRONE_38,Prediction,Corrected_Pose,313,314,1966,155,MSCKF_Update,0.0,863.5099429039994,863.5099429039994,863.5088228479995,863.5099429039994
37,SINK_M,6G_DRONE_18,Pose_Correction,Pose_Prediction,214,56,75,74,Prediction,0,863.5099429039994,863.5099429039994,863.5099429039994,863.5099429039994
77,SINK_M,6G_DRONE_38,Pose_Correction,Pose_Prediction,314,116,155,154,Prediction,0,863.5099429039994,863.5099429039994,863.5099429039994,863.5099429039994
39,COMP_M,6G_DRONE_19,Prediction,Corrected_Pose,218,219,1966,79,MSCKF_Update,0.0,863.5510998959994,863.5510998959994,863.5499798399994,863.5510998959994
79,COMP_M,6G_DRONE_39,Prediction,Corrected_Pose,318,319,1966,159,MSCKF_Update,0.0,863.5510998959994,863.5510998959994,863.5499798399994,863.5510998959994
39,SINK_M,6G_DRONE_19,Pose_Correction,Pose_Prediction,219,59,79,78,Prediction,0,863.5510998959994,863.5510998959994,863.5510998959994,863.5510998959994
79,SINK_M,6G_DRONE_39,Pose_Correction,Pose_Prediction,319,119,159,158,Prediction,0,863.5510998959994,863.5510998959994,863.5510998959994,863.5510998959994
81,COMP_M,6G_DRONE_0,Image_Acquisition,Image_Acquirement,0,120,0,3,Camera,0.0,10010,10010.0,10010.0,10010.0
82,COMP_M,6G_DRONE_0,IMU_Measurement_Acquisition,Inertial_Data_Acquirement,1,121,1,3,IMU,0.0,10010,10010.0,10010.0,10010.0
83,COMP_M,6G_DRONE_1,Image_Acquisition,Image_Acquirement,3,125,4,7,Camera,0.0,10010,10010.0,10010.0,10010.0
84,COMP_M,6G_DRONE_1,IMU_Measurement_Acquisition,Inertial_Data_Acquirement,4,126,5,7,IMU,0.0,10010,10010.0,10010.0,10010.0
85,COMP_M,6G_DRONE_2,Image_Acquisition,Image_Acquirement,6,130,8,11,Camera,0.0,10010,10010.0,10010.0,10010.0
86,COMP_M,6G_DRONE_2,IMU_Measurement_Acquisition,Inertial_Data_Acquirement,7,131,9,11,IMU,0.0,10010,10010.0,10010.0,10010.0
87,COMP_M,6G_DRONE_3,Image_Acquisition,Image_Acquirement,9,135,12,15,Camera,0.0,10010,10010.0,10010.0,10010.0
88,COMP_M,6G_DRONE_3,IMU_Measurement_Acquisition,Inertial_Data_Acquirement,10,136,13,15,IMU,0.0,10010,10010.0,10010.0,10010.0
89,COMP_M,6G_DRONE_4,Image_Acquisition,Image_Acquirement,12,140,16,19,Camera,0.0,10010,10010.0,10010.0,10010.0
90,COMP_M,6G_DRONE_4,IMU_Measurement_Acquisition,Inertial_Data_Acquirement,13,141,17,19,IMU,0.0,10010,10010.0,10010.0,10010.0
91,COMP_M,6G_DRONE_5,Image_Acquisition,Image_Acquirement,15,145,20,23,Camera,0.0,10010,10010.0,10010.0,10010.0
92,COMP_M,6G_DRONE_5,IMU_Measurement_Acquisition,Inertial_Data_Acquirement,16,146,21,23,IMU,0.0,10010,10010.0,10010.0,10010.0
93,COMP_M,6G_DRONE_6,Image_Acquisition,Image_Acquirement,18,150,24,27,Camera,0.0,10010,10010.0,10010.0,10010.0
94,COMP_M,6G_DRONE_6,IMU_Measurement_Acquisition,Inertial_Data_Acquirement,19,151,25,27,IMU,0.0,10010,10010.0,10010.0,10010.0
95,COMP_M,6G_DRONE_7,Image_Acquisition,Image_Acquirement,21,155,28,31,Camera,0.0,10010,10010.0,10010.0,10010.0
96,COMP_M,6G_DRONE_7,IMU_Measurement_Acquisition,Inertial_Data_Acquirement,22,156,29,31,IMU,0.0,10010,10010.0,10010.0,10010.0
97,COMP_M,6G_DRONE_8,Image_Acquisition,Image_Acquirement,24,160,32,35,Camera,0.0,10010,10010.0,10010.0,10010.0
98,COMP_M,6G_DRONE_8,IMU_Measurement_Acquisition,Inertial_Data_Acquirement,25,161,33,35,IMU,0.0,10010,10010.0,10010.0,10010.0
99,COMP_M,6G_DRONE_9,Image_Acquisition,Image_Acquirement,27,165,36,39,Camera,0.0,10010,10010.0,10010.0,10010.0
100,COMP_M,6G_DRONE_9,IMU_Measurement_Acquisition,Inertial_Data_Acquirement,28,166,37,39,IMU,0.0,10010,10010.0,10010.0,10010.0
101,COMP_M,6G_DRONE_10,Image_Acquisition,Image_Acquirement,30,170,40,43,Camera,0.0,10010,10010.0,10010.0,10010.0
102,COMP_M,6G_DRONE_10,IMU_Measurement_Acquisition,Inertial_Data_Acquirement,31,171,41,43,IMU,0.0,10010,10010.0,10010.0,10010.0
103,COMP_M,6G_DRONE_11,Image_Acquisition,Image_Acquirement,33,175,44,47,Camera,0.0,10010,10010.0,10010.0,10010.0
104,COMP_M,6G_DRONE_11,IMU_Measurement_Acquisition,Inertial_Data_Acquirement,34,176,45,47,IMU,0.0,10010,10010.0,10010.0,10010.0
105,COMP_M,6G_DRONE_12,Image_Acquisition,Image_Acquirement,36,180,48,51,Camera,0.0,10010,10010.0,10010.0,10010.0
106,COMP_M,6G_DRONE_12,IMU_Measurement_Acquisition,Inertial_Data_Acquirement,37,181,49,51,IMU,0.0,10010,10010.0,10010.0,10010.0
107,COMP_M,6G_DRONE_13,Image_Acquisition,Image_Acquirement,39,185,52,55,Camera,0.0,10010,10010.0,10010.0,10010.0
108,COMP_M,6G_DRONE_13,IMU_Measurement_Acquisition,Inertial_Data_Acquirement,40,186,53,55,IMU,0.0,10010,10010.0,10010.0,10010.0
109,COMP_M,6G_DRONE_14,Image_Acquisition,Image_Acquirement,42,190,56,59,Camera,0.0,10010,10010.0,10010.0,10010.0
110,COMP_M,6G_DRONE_14,IMU_Measurement_Acquisition,Inertial_Data_Acquirement,43,191,57,59,IMU,0.0,10010,10010.0,10010.0,10010.0
111,COMP_M,6G_DRONE_15,Image_Acquisition,Image_Acquirement,45,195,60,63,Camera,0.0,10010,10010.0,10010.0,10010.0
112,COMP_M,6G_DRONE_15,IMU_Measurement_Acquisition,Inertial_Data_Acquirement,46,196,61,63,IMU,0.0,10010,10010.0,10010.0,10010.0
113,COMP_M,6G_DRONE_16,Image_Acquisition,Image_Acquirement,48,200,64,67,Camera,0.0,10010,10010.0,10010.0,10010.0
114,COMP_M,6G_DRONE_16,IMU_Measurement_Acquisition,Inertial_Data_Acquirement,49,201,65,67,IMU,0.0,10010,10010.0,10010.0,10010.0
115,COMP_M,6G_DRONE_17,Image_Acquisition,Image_Acquirement,51,205,68,71,Camera,0.0,10010,10010.0,10010.0,10010.0
116,COMP_M,6G_DRONE_17,IMU_Measurement_Acquisition,Inertial_Data_Acquirement,52,206,69,71,IMU,0.0,10010,10010.0,10010.0,10010.0
117,COMP_M,6G_DRONE_18,Image_Acquisition,Image_Acquirement,54,210,72,75,Camera,0.0,10010,10010.0,10010.0,10010.0
118,COMP_M,6G_DRONE_18,IMU_Measurement_Acquisition,Inertial_Data_Acquirement,55,211,73,75,IMU,0.0,10010,10010.0,10010.0,10010.0
119,COMP_M,6G_DRONE_19,Image_Acquisition,Image_Acquirement,57,215,76,79,Camera,0.0,10010,10010.0,10010.0,10010.0
120,COMP_M,6G_DRONE_19,IMU_Measurement_Acquisition,Inertial_Data_Acquirement,58,216,77,79,IMU,0.0,10010,10010.0,10010.0,10010.0
121,COMP_M,6G_DRONE_20,Image_Acquisition,Image_Acquirement,60,220,80,83,Camera,0.0,10010,10010.0,10010.0,10010.0
122,COMP_M,6G_DRONE_20,IMU_Measurement_Acquisition,Inertial_Data_Acquirement,61,221,81,83,IMU,0.0,10010,10010.0,10010.0,10010.0
123,COMP_M,6G_DRONE_21,Image_Acquisition,Image_Acquirement,63,225,84,87,Camera,0.0,10010,10010.0,10010.0,10010.0
124,COMP_M,6G_DRONE_21,IMU_Measurement_Acquisition,Inertial_Data_Acquirement,64,226,85,87,IMU,0.0,10010,10010.0,10010.0,10010.0
125,COMP_M,6G_DRONE_22,Image_Acquisition,Image_Acquirement,66,230,88,91,Camera,0.0,10010,10010.0,10010.0,10010.0
126,COMP_M,6G_DRONE_22,IMU_Measurement_Acquisition,Inertial_Data_Acquirement,67,231,89,91,IMU,0.0,10010,10010.0,10010.0,10010.0
127,COMP_M,6G_DRONE_23,Image_Acquisition,Image_Acquirement,69,235,92,95,Camera,0.0,10010,10010.0,10010.0,10010.0
128,COMP_M,6G_DRONE_23,IMU_Measurement_Acquisition,Inertial_Data_Acquirement,70,236,93,95,IMU,0.0,10010,10010.0,10010.0,10010.0
129,COMP_M,6G_DRONE_24,Image_Acquisition,Image_Acquirement,72,240,96,99,Camera,0.0,10010,10010.0,10010.0,10010.0
130,COMP_M,6G_DRONE_24,IMU_Measurement_Acquisition,Inertial_Data_Acquirement,73,241,97,99,IMU,0.0,10010,10010.0,10010.0,10010.0
131,COMP_M,6G_DRONE_25,Image_Acquisition,Image_Acquirement,75,245,100,103,Camera,0.0,10010,10010.0,10010.0,10010.0
132,COMP_M,6G_DRONE_25,IMU_Measurement_Acquisition,Inertial_Data_Acquirement,76,246,101,103,IMU,0.0,10010,10010.0,10010.0,10010.0
133,COMP_M,6G_DRONE_26,Image_Acquisition,Image_Acquirement,78,250,104,107,Camera,0.0,10010,10010.0,10010.0,10010.0
134,COMP_M,6G_DRONE_26,IMU_Measurement_Acquisition,Inertial_Data_Acquirement,79,251,105,107,IMU,0.0,10010,10010.0,10010.0,10010.0
135,COMP_M,6G_DRONE_27,Image_Acquisition,Image_Acquirement,81,255,108,111,Camera,0.0,10010,10010.0,10010.0,10010.0
136,COMP_M,6G_DRONE_27,IMU_Measurement_Acquisition,Inertial_Data_Acquirement,82,256,109,111,IMU,0.0,10010,10010.0,10010.0,10010.0
137,COMP_M,6G_DRONE_28,Image_Acquisition,Image_Acquirement,84,260,112,115,Camera,0.0,10010,10010.0,10010.0,10010.0
138,COMP_M,6G_DRONE_28,IMU_Measurement_Acquisition,Inertial_Data_Acquirement,85,261,113,115,IMU,0.0,10010,10010.0,10010.0,10010.0
139,COMP_M,6G_DRONE_29,Image_Acquisition,Image_Acquirement,87,265,116,119,Camera,0.0,10010,10010.0,10010.0,10010.0
140,COMP_M,6G_DRONE_29,IMU_Measurement_Acquisition,Inertial_Data_Acquirement,88,266,117,119,IMU,0.0,10010,10010.0,10010.0,10010.0
141,COMP_M,6G_DRONE_30,Image_Acquisition,Image_Acquirement,90,270,120,123,Camera,0.0,10010,10010.0,10010.0,10010.0
142,COMP_M,6G_DRONE_30,IMU_Measurement_Acquisition,Inertial_Data_Acquirement,91,271,121,123,IMU,0.0,10010,10010.0,10010.0,10010.0
143,COMP_M,6G_DRONE_31,Image_Acquisition,Image_Acquirement,93,275,124,127,Camera,0.0,10010,10010.0,10010.0,10010.0
144,COMP_M,6G_DRONE_31,IMU_Measurement_Acquisition,Inertial_Data_Acquirement,94,276,125,127,IMU,0.0,10010,10010.0,10010.0,10010.0
145,COMP_M,6G_DRONE_32,Image_Acquisition,Image_Acquirement,96,280,128,131,Camera,0.0,10010,10010.0,10010.0,10010.0
146,COMP_M,6G_DRONE_32,IMU_Measurement_Acquisition,Inertial_Data_Acquirement,97,281,129,131,IMU,0.0,10010,10010.0,10010.0,10010.0
147,COMP_M,6G_DRONE_33,Image_Acquisition,Image_Acquirement,99,285,132,135,Camera,0.0,10010,10010.0,10010.0,10010.0
148,COMP_M,6G_DRONE_33,IMU_Measurement_Acquisition,Inertial_Data_Acquirement,100,286,133,135,IMU,0.0,10010,10010.0,10010.0,10010.0
149,COMP_M,6G_DRONE_34,Image_Acquisition,Image_Acquirement,102,290,136,139,Camera,0.0,10010,10010.0,10010.0,10010.0
150,COMP_M,6G_DRONE_34,IMU_Measurement_Acquisition,Inertial_Data_Acquirement,103,291,137,139,IMU,0.0,10010,10010.0,10010.0,10010.0
151,COMP_M,6G_DRONE_35,Image_Acquisition,Image_Acquirement,105,295,140,143,Camera,0.0,10010,10010.0,10010.0,10010.0
152,COMP_M,6G_DRONE_35,IMU_Measurement_Acquisition,Inertial_Data_Acquirement,106,296,141,143,IMU,0.0,10010,10010.0,10010.0,10010.0
153,COMP_M,6G_DRONE_36,Image_Acquisition,Image_Acquirement,108,300,144,147,Camera,0.0,10010,10010.0,10010.0,10010.0
154,COMP_M,6G_DRONE_36,IMU_Measurement_Acquisition,Inertial_Data_Acquirement,109,301,145,147,IMU,0.0,10010,10010.0,10010.0,10010.0
155,COMP_M,6G_DRONE_37,Image_Acquisition,Image_Acquirement,111,305,148,151,Camera,0.0,10010,10010.0,10010.0,10010.0
156,COMP_M,6G_DRONE_37,IMU_Measurement_Acquisition,Inertial_Data_Acquirement,112,306,149,151,IMU,0.0,10010,10010.0,10010.0,10010.0
157,COMP_M,6G_DRONE_38,Image_Acquisition,Image_Acquirement,114,310,152,155,Camera,0.0,10010,10010.0,10010.0,10010.0
158,COMP_M,6G_DRONE_38,IMU_Measurement_Acquisition,Inertial_Data_Acquirement,115,311,153,155,IMU,0.0,10010,10010.0,10010.0,10010.0
159,COMP_M,6G_DRONE_39,Image_Acquisition,Image_Acquirement,117,315,156,159,Camera,0.0,10010,10010.0,10010.0,10010.0
160,COMP_M,6G_DRONE_39,IMU_Measurement_Acquisition,Inertial_Data_Acquirement,118,316,157,159,IMU,0.0,10010,10010.0,10010.0,10010.0
81,COMP_M,6G_DRONE_0,Feature_Extraction,Image,120,122,3,1966,Image_Acquisition,26.632,10833.180996992,10859.812996992,10010.0,10833.180996992
121,COMP_M,6G_DRONE_20,Feature_Extraction,Image,220,222,83,1966,Image_Acquisition,26.632,10833.180996992,10859.812996992,10010.0,10833.180996992
83,COMP_M,6G_DRONE_1,Feature_Extraction,Image,125,127,7,1966,Image_Acquisition,26.632,10833.222153984,10859.854153983999,10010.0,10833.222153984
123,COMP_M,6G_DRONE_21,Feature_Extraction,Image,225,227,87,1966,Image_Acquisition,26.632,10833.222153984,10859.854153983999,10010.0,10833.222153984
85,COMP_M,6G_DRONE_2,Feature_Extraction,Image,130,132,11,1966,Image_Acquisition,26.632,10833.263310975999,10859.895310975999,10010.0,10833.263310975999
125,COMP_M,6G_DRONE_22,Feature_Extraction,Image,230,232,91,1966,Image_Acquisition,26.632,10833.263310975999,10859.895310975999,10010.0,10833.263310975999
87,COMP_M,6G_DRONE_3,Feature_Extraction,Image,135,137,15,1966,Image_Acquisition,26.632,10833.304467967999,10859.936467967998,10010.0,10833.304467967999
127,COMP_M,6G_DRONE_23,Feature_Extraction,Image,235,237,95,1966,Image_Acquisition,26.632,10833.304467967999,10859.936467967998,10010.0,10833.304467967999
89,COMP_M,6G_DRONE_4,Feature_Extraction,Image,140,142,19,1966,Image_Acquisition,26.632,10833.345624959999,10859.977624959998,10010.0,10833.345624959999
129,COMP_M,6G_DRONE_24,Feature_Extraction,Image,240,242,99,1966,Image_Acquisition,26.632,10833.345624959999,10859.977624959998,10010.0,10833.345624959999
91,COMP_M,6G_DRONE_5,Feature_Extraction,Image,145,147,23,1966,Image_Acquisition,26.632,10833.386781951998,10860.018781951998,10010.0,10833.386781951998
131,COMP_M,6G_DRONE_25,Feature_Extraction,Image,245,247,103,1966,Image_Acquisition,26.632,10833.386781951998,10860.018781951998,10010.0,10833.386781951998
93,COMP_M,6G_DRONE_6,Feature_Extraction,Image,150,152,27,1966,Image_Acquisition,26.632,10833.427938943998,10860.059938943998,10010.0,10833.427938943998
133,COMP_M,6G_DRONE_26,Feature_Extraction,Image,250,252,107,1966,Image_Acquisition,26.632,10833.427938943998,10860.059938943998,10010.0,10833.427938943998
95,COMP_M,6G_DRONE_7,Feature_Extraction,Image,155,157,31,1966,Image_Acquisition,26.632,10833.469095935998,10860.101095935997,10010.0,10833.469095935998
135,COMP_M,6G_DRONE_27,Feature_Extraction,Image,255,257,111,1966,Image_Acquisition,26.632,10833.469095935998,10860.101095935997,10010.0,10833.469095935998
97,COMP_M,6G_DRONE_8,Feature_Extraction,Image,160,162,35,1966,Image_Acquisition,26.632,10833.510252927997,10860.142252927997,10010.0,10833.510252927997
137,COMP_M,6G_DRONE_28,Feature_Extraction,Image,260,262,115,1966,Image_Acquisition,26.632,10833.510252927997,10860.142252927997,10010.0,10833.510252927997
99,COMP_M,6G_DRONE_9,Feature_Extraction,Image,165,167,39,1966,Image_Acquisition,26.632,10833.551409919997,10860.183409919997,10010.0,10833.551409919997
139,COMP_M,6G_DRONE_29,Feature_Extraction,Image,265,267,119,1966,Image_Acquisition,26.632,10833.551409919997,10860.183409919997,10010.0,10833.551409919997
101,COMP_M,6G_DRONE_10,Feature_Extraction,Image,170,172,43,1966,Image_Acquisition,26.632,10833.592566911997,10860.224566911997,10010.0,10833.592566911997
141,COMP_M,6G_DRONE_30,Feature_Extraction,Image,270,272,123,1966,Image_Acquisition,26.632,10833.592566911997,10860.224566911997,10010.0,10833.592566911997
103,COMP_M,6G_DRONE_11,Feature_Extraction,Image,175,177,47,1966,Image_Acquisition,26.632,10833.633723903997,10860.265723903996,10010.0,10833.633723903997
143,COMP_M,6G_DRONE_31,Feature_Extraction,Image,275,277,127,1966,Image_Acquisition,26.632,10833.633723903997,10860.265723903996,10010.0,10833.633723903997
105,COMP_M,6G_DRONE_12,Feature_Extraction,Image,180,182,51,1966,Image_Acquisition,26.632,10833.674880895996,10860.306880895996,10010.0,10833.674880895996
145,COMP_M,6G_DRONE_32,Feature_Extraction,Image,280,282,131,1966,Image_Acquisition,26.632,10833.674880895996,10860.306880895996,10010.0,10833.674880895996
107,COMP_M,6G_DRONE_13,Feature_Extraction,Image,185,187,55,1966,Image_Acquisition,26.632,10833.716037887996,10860.348037887996,10010.0,10833.716037887996
147,COMP_M,6G_DRONE_33,Feature_Extraction,Image,285,287,135,1966,Image_Acquisition,26.632,10833.716037887996,10860.348037887996,10010.0,10833.716037887996
109,COMP_M,6G_DRONE_14,Feature_Extraction,Image,190,192,59,1966,Image_Acquisition,26.632,10833.757194879996,10860.389194879996,10010.0,10833.757194879996
149,COMP_M,6G_DRONE_34,Feature_Extraction,Image,290,292,139,1966,Image_Acquisition,26.632,10833.757194879996,10860.389194879996,10010.0,10833.757194879996
111,COMP_M,6G_DRONE_15,Feature_Extraction,Image,195,197,63,1966,Image_Acquisition,26.632,10833.798351871996,10860.430351871995,10010.0,10833.798351871996
151,COMP_M,6G_DRONE_35,Feature_Extraction,Image,295,297,143,1966,Image_Acquisition,26.632,10833.798351871996,10860.430351871995,10010.0,10833.798351871996
113,COMP_M,6G_DRONE_16,Feature_Extraction,Image,200,202,67,1966,Image_Acquisition,26.632,10833.839508863995,10860.471508863995,10010.0,10833.839508863995
153,COMP_M,6G_DRONE_36,Feature_Extraction,Image,300,302,147,1966,Image_Acquisition,26.632,10833.839508863995,10860.471508863995,10010.0,10833.839508863995
115,COMP_M,6G_DRONE_17,Feature_Extraction,Image,205,207,71,1966,Image_Acquisition,26.632,10833.880665855995,10860.512665855995,10010.0,10833.880665855995
155,COMP_M,6G_DRONE_37,Feature_Extraction,Image,305,307,151,1966,Image_Acquisition,26.632,10833.880665855995,10860.512665855995,10010.0,10833.880665855995
117,COMP_M,6G_DRONE_18,Feature_Extraction,Image,210,212,75,1966,Image_Acquisition,26.632,10833.921822847995,10860.553822847995,10010.0,10833.921822847995
157,COMP_M,6G_DRONE_38,Feature_Extraction,Image,310,312,155,1966,Image_Acquisition,26.632,10833.921822847995,10860.553822847995,10010.0,10833.921822847995
119,COMP_M,6G_DRONE_19,Feature_Extraction,Image,215,217,79,1966,Image_Acquisition,26.632,10833.962979839995,10860.594979839994,10010.0,10833.962979839995
159,COMP_M,6G_DRONE_39,Feature_Extraction,Image,315,317,159,1966,Image_Acquisition,26.632,10833.962979839995,10860.594979839994,10010.0,10833.962979839995
82,COMP_M,6G_DRONE_0,MSCKF_Update,Inertial_Data,121,123,3,1966,IMU_Measurement_Acquisition,0.0,10833.962980119995,10833.962980119995,10010.0,10833.962980119995
122,COMP_M,6G_DRONE_20,MSCKF_Update,Inertial_Data,221,223,83,1966,IMU_Measurement_Acquisition,0.0,10833.962980119995,10833.962980119995,10010.0,10833.962980119995
84,COMP_M,6G_DRONE_1,MSCKF_Update,Inertial_Data,126,128,7,1966,IMU_Measurement_Acquisition,0.0,10833.962980399996,10833.962980399996,10010.0,10833.962980399996
124,COMP_M,6G_DRONE_21,MSCKF_Update,Inertial_Data,226,228,87,1966,IMU_Measurement_Acquisition,0.0,10833.962980399996,10833.962980399996,10010.0,10833.962980399996
86,COMP_M,6G_DRONE_2,MSCKF_Update,Inertial_Data,131,133,11,1966,IMU_Measurement_Acquisition,0.0,10833.962980679997,10833.962980679997,10010.0,10833.962980679997
126,COMP_M,6G_DRONE_22,MSCKF_Update,Inertial_Data,231,233,91,1966,IMU_Measurement_Acquisition,0.0,10833.962980679997,10833.962980679997,10010.0,10833.962980679997
88,COMP_M,6G_DRONE_3,MSCKF_Update,Inertial_Data,136,138,15,1966,IMU_Measurement_Acquisition,0.0,10833.962980959997,10833.962980959997,10010.0,10833.962980959997
128,COMP_M,6G_DRONE_23,MSCKF_Update,Inertial_Data,236,238,95,1966,IMU_Measurement_Acquisition,0.0,10833.962980959997,10833.962980959997,10010.0,10833.962980959997
90,COMP_M,6G_DRONE_4,MSCKF_Update,Inertial_Data,141,143,19,1966,IMU_Measurement_Acquisition,0.0,10833.962981239998,10833.962981239998,10010.0,10833.962981239998
130,COMP_M,6G_DRONE_24,MSCKF_Update,Inertial_Data,241,243,99,1966,IMU_Measurement_Acquisition,0.0,10833.962981239998,10833.962981239998,10010.0,10833.962981239998
92,COMP_M,6G_DRONE_5,MSCKF_Update,Inertial_Data,146,148,23,1966,IMU_Measurement_Acquisition,0.0,10833.962981519999,10833.962981519999,10010.0,10833.962981519999
132,COMP_M,6G_DRONE_25,MSCKF_Update,Inertial_Data,246,248,103,1966,IMU_Measurement_Acquisition,0.0,10833.962981519999,10833.962981519999,10010.0,10833.962981519999
94,COMP_M,6G_DRONE_6,MSCKF_Update,Inertial_Data,151,153,27,1966,IMU_Measurement_Acquisition,0.0,10833.9629818,10833.9629818,10010.0,10833.9629818
134,COMP_M,6G_DRONE_26,MSCKF_Update,Inertial_Data,251,253,107,1966,IMU_Measurement_Acquisition,0.0,10833.9629818,10833.9629818,10010.0,10833.9629818
96,COMP_M,6G_DRONE_7,MSCKF_Update,Inertial_Data,156,158,31,1966,IMU_Measurement_Acquisition,0.0,10833.96298208,10833.96298208,10010.0,10833.96298208
136,COMP_M,6G_DRONE_27,MSCKF_Update,Inertial_Data,256,258,111,1966,IMU_Measurement_Acquisition,0.0,10833.96298208,10833.96298208,10010.0,10833.96298208
98,COMP_M,6G_DRONE_8,MSCKF_Update,Inertial_Data,161,163,35,1966,IMU_Measurement_Acquisition,0.0,10833.96298236,10833.96298236,10010.0,10833.96298236
138,COMP_M,6G_DRONE_28,MSCKF_Update,Inertial_Data,261,263,115,1966,IMU_Measurement_Acquisition,0.0,10833.96298236,10833.96298236,10010.0,10833.96298236
100,COMP_M,6G_DRONE_9,MSCKF_Update,Inertial_Data,166,168,39,1966,IMU_Measurement_Acquisition,0.0,10833.962982640001,10833.962982640001,10010.0,10833.962982640001
140,COMP_M,6G_DRONE_29,MSCKF_Update,Inertial_Data,266,268,119,1966,IMU_Measurement_Acquisition,0.0,10833.962982640001,10833.962982640001,10010.0,10833.962982640001
102,COMP_M,6G_DRONE_10,MSCKF_Update,Inertial_Data,171,173,43,1966,IMU_Measurement_Acquisition,0.0,10833.962982920002,10833.962982920002,10010.0,10833.962982920002
142,COMP_M,6G_DRONE_30,MSCKF_Update,Inertial_Data,271,273,123,1966,IMU_Measurement_Acquisition,0.0,10833.962982920002,10833.962982920002,10010.0,10833.962982920002
104,COMP_M,6G_DRONE_11,MSCKF_Update,Inertial_Data,176,178,47,1966,IMU_Measurement_Acquisition,0.0,10833.962983200003,10833.962983200003,10010.0,10833.962983200003
144,COMP_M,6G_DRONE_31,MSCKF_Update,Inertial_Data,276,278,127,1966,IMU_Measurement_Acquisition,0.0,10833.962983200003,10833.962983200003,10010.0,10833.962983200003
106,COMP_M,6G_DRONE_12,MSCKF_Update,Inertial_Data,181,183,51,1966,IMU_Measurement_Acquisition,0.0,10833.962983480003,10833.962983480003,10010.0,10833.962983480003
146,COMP_M,6G_DRONE_32,MSCKF_Update,Inertial_Data,281,283,131,1966,IMU_Measurement_Acquisition,0.0,10833.962983480003,10833.962983480003,10010.0,10833.962983480003
108,COMP_M,6G_DRONE_13,MSCKF_Update,Inertial_Data,186,188,55,1966,IMU_Measurement_Acquisition,0.0,10833.962983760004,10833.962983760004,10010.0,10833.962983760004
148,COMP_M,6G_DRONE_33,MSCKF_Update,Inertial_Data,286,288,135,1966,IMU_Measurement_Acquisition,0.0,10833.962983760004,10833.962983760004,10010.0,10833.962983760004
110,COMP_M,6G_DRONE_14,MSCKF_Update,Inertial_Data,191,193,59,1966,IMU_Measurement_Acquisition,0.0,10833.962984040005,10833.962984040005,10010.0,10833.962984040005
150,COMP_M,6G_DRONE_34,MSCKF_Update,Inertial_Data,291,293,139,1966,IMU_Measurement_Acquisition,0.0,10833.962984040005,10833.962984040005,10010.0,10833.962984040005
112,COMP_M,6G_DRONE_15,MSCKF_Update,Inertial_Data,196,198,63,1966,IMU_Measurement_Acquisition,0.0,10833.962984320005,10833.962984320005,10010.0,10833.962984320005
152,COMP_M,6G_DRONE_35,MSCKF_Update,Inertial_Data,296,298,143,1966,IMU_Measurement_Acquisition,0.0,10833.962984320005,10833.962984320005,10010.0,10833.962984320005
114,COMP_M,6G_DRONE_16,MSCKF_Update,Inertial_Data,201,203,67,1966,IMU_Measurement_Acquisition,0.0,10833.962984600006,10833.962984600006,10010.0,10833.962984600006
154,COMP_M,6G_DRONE_36,MSCKF_Update,Inertial_Data,301,303,147,1966,IMU_Measurement_Acquisition,0.0,10833.962984600006,10833.962984600006,10010.0,10833.962984600006
116,COMP_M,6G_DRONE_17,MSCKF_Update,Inertial_Data,206,208,71,1966,IMU_Measurement_Acquisition,0.0,10833.962984880007,10833.962984880007,10010.0,10833.962984880007
156,COMP_M,6G_DRONE_37,MSCKF_Update,Inertial_Data,306,308,151,1966,IMU_Measurement_Acquisition,0.0,10833.962984880007,10833.962984880007,10010.0,10833.962984880007
118,COMP_M,6G_DRONE_18,MSCKF_Update,Inertial_Data,211,213,75,1966,IMU_Measurement_Acquisition,0.0,10833.962985160008,10833.962985160008,10010.0,10833.962985160008
158,COMP_M,6G_DRONE_38,MSCKF_Update,Inertial_Data,311,313,155,1966,IMU_Measurement_Acquisition,0.0,10833.962985160008,10833.962985160008,10010.0,10833.962985160008
120,COMP_M,6G_DRONE_19,MSCKF_Update,Inertial_Data,216,218,79,1966,IMU_Measurement_Acquisition,0.0,10833.962985440008,10833.962985440008,10010.0,10833.962985440008
160,COMP_M,6G_DRONE_39,MSCKF_Update,Inertial_Data,316,318,159,1966,IMU_Measurement_Acquisition,0.0,10833.962985440008,10833.962985440008,10010.0,10833.962985440008
81,COMP_M,6G_DRONE_0,MSCKF_Update,Extracted Features,122,123,1966,1966,Feature_Extraction,2.955,10859.812996992,10862.767996992,10859.812996992,10859.812996992
121,COMP_M,6G_DRONE_20,MSCKF_Update,Extracted Features,222,223,1966,1966,Feature_Extraction,2.955,10859.812996992,10862.767996992,10859.812996992,10859.812996992
83,COMP_M,6G_DRONE_1,MSCKF_Update,Extracted Features,127,128,1966,1966,Feature_Extraction,2.955,10859.854153983999,10862.809153983999,10859.854153983999,10859.854153983999
123,COMP_M,6G_DRONE_21,MSCKF_Update,Extracted Features,227,228,1966,1966,Feature_Extraction,2.955,10859.854153983999,10862.809153983999,10859.854153983999,10859.854153983999
85,COMP_M,6G_DRONE_2,MSCKF_Update,Extracted Features,132,133,1966,1966,Feature_Extraction,2.955,10859.895310975999,10862.850310975999,10859.895310975999,10859.895310975999
125,COMP_M,6G_DRONE_22,MSCKF_Update,Extracted Features,232,233,1966,1966,Feature_Extraction,2.955,10859.895310975999,10862.850310975999,10859.895310975999,10859.895310975999
87,COMP_M,6G_DRONE_3,MSCKF_Update,Extracted Features,137,138,1966,1966,Feature_Extraction,2.955,10859.936467967998,10862.891467967998,10859.936467967998,10859.936467967998
127,COMP_M,6G_DRONE_23,MSCKF_Update,Extracted Features,237,238,1966,1966,Feature_Extraction,2.955,10859.936467967998,10862.891467967998,10859.936467967998,10859.936467967998
89,COMP_M,6G_DRONE_4,MSCKF_Update,Extracted Features,142,143,1966,1966,Feature_Extraction,2.955,10859.977624959998,10862.932624959998,10859.977624959998,10859.977624959998
129,COMP_M,6G_DRONE_24,MSCKF_Update,Extracted Features,242,243,1966,1966,Feature_Extraction,2.955,10859.977624959998,10862.932624959998,10859.977624959998,10859.977624959998
91,COMP_M,6G_DRONE_5,MSCKF_Update,Extracted Features,147,148,1966,1966,Feature_Extraction,2.955,10860.018781951998,10862.973781951998,10860.018781951998,10860.018781951998
131,COMP_M,6G_DRONE_25,MSCKF_Update,Extracted Features,247,248,1966,1966,Feature_Extraction,2.955,10860.018781951998,10862.973781951998,10860.018781951998,10860.018781951998
93,COMP_M,6G_DRONE_6,MSCKF_Update,Extracted Features,152,153,1966,1966,Feature_Extraction,2.955,10860.059938943998,10863.014938943998,10860.059938943998,10860.059938943998
133,COMP_M,6G_DRONE_26,MSCKF_Update,Extracted Features,252,253,1966,1966,Feature_Extraction,2.955,10860.059938943998,10863.014938943998,10860.059938943998,10860.059938943998
95,COMP_M,6G_DRONE_7,MSCKF_Update,Extracted Features,157,158,1966,1966,Feature_Extraction,2.955,10860.101095935997,10863.056095935997,10860.101095935997,10860.101095935997
135,COMP_M,6G_DRONE_27,MSCKF_Update,Extracted Features,257,258,1966,1966,Feature_Extraction,2.955,10860.101095935997,10863.056095935997,10860.101095935997,10860.101095935997
97,COMP_M,6G_DRONE_8,MSCKF_Update,Extracted Features,162,163,1966,1966,Feature_Extraction,2.955,10860.142252927997,10863.097252927997,10860.142252927997,10860.142252927997
137,COMP_M,6G_DRONE_28,MSCKF_Update,Extracted Features,262,263,1966,1966,Feature_Extraction,2.955,10860.142252927997,10863.097252927997,10860.142252927997,10860.142252927997
99,COMP_M,6G_DRONE_9,MSCKF_Update,Extracted Features,167,168,1966,1966,Feature_Extraction,2.955,10860.183409919997,10863.138409919997,10860.183409919997,10860.183409919997
139,COMP_M,6G_DRONE_29,MSCKF_Update,Extracted Features,267,268,1966,1966,Feature_Extraction,2.955,10860.183409919997,10863.138409919997,10860.183409919997,10860.183409919997
101,COMP_M,6G_DRONE_10,MSCKF_Update,Extracted Features,172,173,1966,1966,Feature_Extraction,2.955,10860.224566911997,10863.179566911997,10860.224566911997,10860.224566911997
141,COMP_M,6G_DRONE_30,MSCKF_Update,Extracted Features,272,273,1966,1966,Feature_Extraction,2.955,10860.224566911997,10863.179566911997,10860.224566911997,10860.224566911997
103,COMP_M,6G_DRONE_11,MSCKF_Update,Extracted Features,177,178,1966,1966,Feature_Extraction,2.955,10860.265723903996,10863.220723903996,10860.265723903996,10860.265723903996
143,COMP_M,6G_DRONE_31,MSCKF_Update,Extracted Features,277,278,1966,1966,Feature_Extraction,2.955,10860.265723903996,10863.220723903996,10860.265723903996,10860.265723903996
105,COMP_M,6G_DRONE_12,MSCKF_Update,Extracted Features,182,183,1966,1966,Feature_Extraction,2.955,10860.306880895996,10863.261880895996,10860.306880895996,10860.306880895996
145,COMP_M,6G_DRONE_32,MSCKF_Update,Extracted Features,282,283,1966,1966,Feature_Extraction,2.955,10860.306880895996,10863.261880895996,10860.306880895996,10860.306880895996
107,COMP_M,6G_DRONE_13,MSCKF_Update,Extracted Features,187,188,1966,1966,Feature_Extraction,2.955,10860.348037887996,10863.303037887996,10860.348037887996,10860.348037887996
147,COMP_M,6G_DRONE_33,MSCKF_Update,Extracted Features,287,288,1966,1966,Feature_Extraction,2.955,10860.348037887996,10863.303037887996,10860.348037887996,10860.348037887996
109,COMP_M,6G_DRONE_14,MSCKF_Update,Extracted Features,192,193,1966,1966,Feature_Extraction,2.955,10860.389194879996,10863.344194879995,10860.389194879996,10860.389194879996
149,COMP_M,6G_DRONE_34,MSCKF_Update,Extracted Features,292,293,1966,1966,Feature_Extraction,2.955,10860.389194879996,10863.344194879995,10860.389194879996,10860.389194879996
111,COMP_M,6G_DRONE_15,MSCKF_Update,Extracted Features,197,198,1966,1966,Feature_Extraction,2.955,10860.430351871995,10863.385351871995,10860.430351871995,10860.430351871995
151,COMP_M,6G_DRONE_35,MSCKF_Update,Extracted Features,297,298,1966,1966,Feature_Extraction,2.955,10860.430351871995,10863.385351871995,10860.430351871995,10860.430351871995
113,COMP_M,6G_DRONE_16,MSCKF_Update,Extracted Features,202,203,1966,1966,Feature_Extraction,2.955,10860.471508863995,10863.426508863995,10860.471508863995,10860.471508863995
153,COMP_M,6G_DRONE_36,MSCKF_Update,Extracted Features,302,303,1966,1966,Feature_Extraction,2.955,10860.471508863995,10863.426508863995,10860.471508863995,10860.471508863995
115,COMP_M,6G_DRONE_17,MSCKF_Update,Extracted Features,207,208,1966,1966,Feature_Extraction,2.955,10860.512665855995,10863.467665855995,10860.512665855995,10860.512665855995
155,COMP_M,6G_DRONE_37,MSCKF_Update,Extracted Features,307,308,1966,1966,Feature_Extraction,2.955,10860.512665855995,10863.467665855995,10860.512665855995,10860.512665855995
117,COMP_M,6G_DRONE_18,MSCKF_Update,Extracted Features,212,213,1966,1966,Feature_Extraction,2.955,10860.553822847995,10863.508822847994,10860.553822847995,10860.553822847995
157,COMP_M,6G_DRONE_38,MSCKF_Update,Extracted Features,312,313,1966,1966,Feature_Extraction,2.955,10860.553822847995,10863.508822847994,10860.553822847995,10860.553822847995
119,COMP_M,6G_DRONE_19,MSCKF_Update,Extracted Features,217,218,1966,1966,Feature_Extraction,2.955,10860.594979839994,10863.549979839994,10860.594979839994,10860.594979839994
159,COMP_M,6G_DRONE_39,MSCKF_Update,Extracted Features,317,318,1966,1966,Feature_Extraction,2.955,10860.594979839994,10863.549979839994,10860.594979839994,10860.594979839994
81,COMP_M,6G_DRONE_0,Prediction,Corrected_Pose,123,124,1966,3,MSCKF_Update,0.0,10862.769117048,10862.769117048,10862.767996992,10862.769117048
121,COMP_M,6G_DRONE_20,Prediction,Corrected_Pose,223,224,1966,83,MSCKF_Update,0.0,10862.769117048,10862.769117048,10862.767996992,10862.769117048
81,SINK_M,6G_DRONE_0,Pose_Correction,Pose_Prediction,124,2,3,2,Prediction,0,10862.769117048,10862.769117048,10862.769117048,10862.769117048
121,SINK_M,6G_DRONE_20,Pose_Correction,Pose_Prediction,224,62,83,82,Prediction,0,10862.769117048,10862.769117048,10862.769117048,10862.769117048
83,COMP_M,6G_DRONE_1,Prediction,Corrected_Pose,128,129,1966,7,MSCKF_Update,0.0,10862.810274039999,10862.810274039999,10862.809153983999,10862.810274039999
123,COMP_M,6G_DRONE_21,Prediction,Corrected_Pose,228,229,1966,87,MSCKF_Update,0.0,10862.810274039999,10862.810274039999,10862.809153983999,10862.810274039999
83,SINK_M,6G_DRONE_1,Pose_Correction,Pose_Prediction,129,5,7,6,Prediction,0,10862.810274039999,10862.810274039999,10862.810274039999,10862.810274039999
123,SINK_M,6G_DRONE_21,Pose_Correction,Pose_Prediction,229,65,87,86,Prediction,0,10862.810274039999,10862.810274039999,10862.810274039999,10862.810274039999
85,COMP_M,6G_DRONE_2,Prediction,Corrected_Pose,133,134,1966,11,MSCKF_Update,0.0,10862.851431031999,10862.851431031999,10862.850310975999,10862.851431031999
125,COMP_M,6G_DRONE_22,Prediction,Corrected_Pose,233,234,1966,91,MSCKF_Update,0.0,10862.851431031999,10862.851431031999,10862.850310975999,10862.851431031999
85,SINK_M,6G_DRONE_2,Pose_Correction,Pose_Prediction,134,8,11,10,Prediction,0,10862.851431031999,10862.851431031999,10862.851431031999,10862.851431031999
125,SINK_M,6G_DRONE_22,Pose_Correction,Pose_Prediction,234,68,91,90,Prediction,0,10862.851431031999,10862.851431031999,10862.851431031999,10862.851431031999
87,COMP_M,6G_DRONE_3,Prediction,Corrected_Pose,138,139,1966,15,MSCKF_Update,0.0,10862.892588023999,10862.892588023999,10862.891467967998,10862.892588023999
127,COMP_M,6G_DRONE_23,Prediction,Corrected_Pose,238,239,1966,95,MSCKF_Update,0.0,10862.892588023999,10862.892588023999,10862.891467967998,10862.892588023999
87,SINK_M,6G_DRONE_3,Pose_Correction,Pose_Prediction,139,11,15,14,Prediction,0,10862.892588023999,10862.892588023999,10862.892588023999,10862.892588023999
127,SINK_M,6G_DRONE_23,Pose_Correction,Pose_Prediction,239,71,95,94,Prediction,0,10862.892588023999,10862.892588023999,10862.892588023999,10862.892588023999
89,COMP_M,6G_DRONE_4,Prediction,Corrected_Pose,143,144,1966,19,MSCKF_Update,0.0,10862.933745015998,10862.933745015998,10862.932624959998,10862.933745015998
129,COMP_M,6G_DRONE_24,Prediction,Corrected_Pose,243,244,1966,99,MSCKF_Update,0.0,10862.933745015998,10862.933745015998,10862.932624959998,10862.933745015998
89,SINK_M,6G_DRONE_4,Pose_Correction,Pose_Prediction,144,14,19,18,Prediction,0,10862.933745015998,10862.933745015998,10862.933745015998,10862.933745015998
129,SINK_M,6G_DRONE_24,Pose_Correction,Pose_Prediction,244,74,99,98,Prediction,0,10862.933745015998,10862.933745015998,10862.933745015998,10862.933745015998
91,COMP_M,6G_DRONE_5,Prediction,Corrected_Pose,148,149,1966,23,MSCKF_Update,0.0,10862.974902007998,10862.974902007998,10862.973781951998,10862.974902007998
131,COMP_M,6G_DRONE_25,Prediction,Corrected_Pose,248,249,1966,103,MSCKF_Update,0.0,10862.974902007998,10862.974902007998,10862.973781951998,10862.974902007998
91,SINK_M,6G_DRONE_5,Pose_Correction,Pose_Prediction,149,17,23,22,Prediction,0,10862.974902007998,10862.974902007998,10862.974902007998,10862.974902007998
131,SINK_M,6G_DRONE_25,Pose_Correction,Pose_Prediction,249,77,103,102,Prediction,0,10862.974902007998,10862.974902007998,10862.974902007998,10862.974902007998
93,COMP_M,6G_DRONE_6,Prediction,Corrected_Pose,153,154,1966,27,MSCKF_Update,0.0,10863.016058999998,10863.016058999998,10863.014938943998,10863.016058999998
133,COMP_M,6G_DRONE_26,Prediction,Corrected_Pose,253,254,1966,107,MSCKF_Update,0.0,10863.016058999998,10863.016058999998,10863.014938943998,10863.016058999998
93,SINK_M,6G_DRONE_6,Pose_Correction,Pose_Prediction,154,20,27,26,Prediction,0,10863.016058999998,10863.016058999998,10863.016058999998,10863.016058999998
133,SINK_M,6G_DRONE_26,Pose_Correction,Pose_Prediction,254,80,107,106,Prediction,0,10863.016058999998,10863.016058999998,10863.016058999998,10863.016058999998
95,COMP_M,6G_DRONE_7,Prediction,Corrected_Pose,158,159,1966,31,MSCKF_Update,0.0,10863.057215991998,10863.057215991998,10863.056095935997,10863.057215991998
135,COMP_M,6G_DRONE_27,Prediction,Corrected_Pose,258,259,1966,111,MSCKF_Update,0.0,10863.057215991998,10863.057215991998,10863.056095935997,10863.057215991998
95,SINK_M,6G_DRONE_7,Pose_Correction,Pose_Prediction,159,23,31,30,Prediction,0,10863.057215991998,10863.057215991998,10863.057215991998,10863.057215991998
135,SINK_M,6G_DRONE_27,Pose_Correction,Pose_Prediction,259,83,111,110,Prediction,0,10863.057215991998,10863.057215991998,10863.057215991998,10863.057215991998
97,COMP_M,6G_DRONE_8,Prediction,Corrected_Pose,163,164,1966,35,MSCKF_Update,0.0,10863.098372983997,10863.098372983997,10863.097252927997,10863.098372983997
137,COMP_M,6G_DRONE_28,Prediction,Corrected_Pose,263,264,1966,115,MSCKF_Update,0.0,10863.098372983997,10863.098372983997,10863.097252927997,10863.098372983997
97,SINK_M,6G_DRONE_8,Pose_Correction,Pose_Prediction,164,26,35,34,Prediction,0,10863.098372983997,10863.098372983997,10863.098372983997,10863.098372983997
137,SINK_M,6G_DRONE_28,Pose_Correction,Pose_Prediction,264,86,115,114,Prediction,0,10863.098372983997,10863.098372983997,10863.098372983997,10863.098372983997
99,COMP_M,6G_DRONE_9,Prediction,Corrected_Pose,168,169,1966,39,MSCKF_Update,0.0,10863.139529975997,10863.139529975997,10863.138409919997,10863.139529975997
139,COMP_M,6G_DRONE_29,Prediction,Corrected_Pose,268,269,1966,119,MSCKF_Update,0.0,10863.139529975997,10863.139529975997,10863.138409919997,10863.139529975997
99,SINK_M,6G_DRONE_9,Pose_Correction,Pose_Prediction,169,29,39,38,Prediction,0,10863.139529975997,10863.139529975997,10863.139529975997,10863.139529975997
139,SINK_M,6G_DRONE_29,Pose_Correction,Pose_Prediction,269,89,119,118,Prediction,0,10863.139529975997,10863.139529975997,10863.139529975997,10863.139529975997
101,COMP_M,6G_DRONE_10,Prediction,Corrected_Pose,173,174,1966,43,MSCKF_Update,0.0,10863.180686967997,10863.180686967997,10863.179566911997,10863.180686967997
141,COMP_M,6G_DRONE_30,Prediction,Corrected_Pose,273,274,1966,123,MSCKF_Update,0.0,10863.180686967997,10863.180686967997,10863.179566911997,10863.180686967997
101,SINK_M,6G_DRONE_10,Pose_Correction,Pose_Prediction,174,32,43,42,Prediction,0,10863.180686967997,10863.180686967997,10863.180686967997,10863.180686967997
141,SINK_M,6G_DRONE_30,Pose_Correction,Pose_Prediction,274,92,123,122,Prediction,0,10863.180686967997,10863.180686967997,10863.180686967997,10863.180686967997
103,COMP_M,6G_DRONE_11,Prediction,Corrected_Pose,178,179,1966,47,MSCKF_Update,0.0,10863.221843959996,10863.221843959996,10863.220723903996,10863.221843959996
143,COMP_M,6G_DRONE_31,Prediction,Corrected_Pose,278,279,1966,127,MSCKF_Update,0.0,10863.221843959996,10863.221843959996,10863.220723903996,10863.221843959996
103,SINK_M,6G_DRONE_11,Pose_Correction,Pose_Prediction,179,35,47,46,Prediction,0,10863.221843959996,10863.221843959996,10863.221843959996,10863.221843959996
143,SINK_M,6G_DRONE_31,Pose_Correction,Pose_Prediction,279,95,127,126,Prediction,0,10863.221843959996,10863.221843959996,10863.221843959996,10863.221843959996
105,COMP_M,6G_DRONE_12,Prediction,Corrected_Pose,183,184,1966,51,MSCKF_Update,0.0,10863.263000951996,10863.263000951996,10863.261880895996,10863.263000951996
145,COMP_M,6G_DRONE_32,Prediction,Corrected_Pose,283,284,1966,131,MSCKF_Update,0.0,10863.263000951996,10863.263000951996,10863.261880895996,10863.263000951996
105,SINK_M,6G_DRONE_12,Pose_Correction,Pose_Prediction,184,38,51,50,Prediction,0,10863.263000951996,10863.263000951996,10863.263000951996,10863.263000951996
145,SINK_M,6G_DRONE_32,Pose_Correction,Pose_Prediction,284,98,131,130,Prediction,0,10863.263000951996,10863.263000951996,10863.263000951996,10863.263000951996
107,COMP_M,6G_DRONE_13,Prediction,Corrected_Pose,188,189,1966,55,MSCKF_Update,0.0,10863.304157943996,10863.304157943996,10863.303037887996,10863.304157943996
147,COMP_M,6G_DRONE_33,Prediction,Corrected_Pose,288,289,1966,135,MSCKF_Update,0.0,10863.304157943996,10863.304157943996,10863.303037887996,10863.304157943996
107,SINK_M,6G_DRONE_13,Pose_Correction,Pose_Prediction,189,41,55,54,Prediction,0,10863.304157943996,10863.304157943996,10863.304157943996,10863.304157943996
147,SINK_M,6G_DRONE_33,Pose_Correction,Pose_Prediction,289,101,135,134,Prediction,0,10863.304157943996,10863.304157943996,10863.304157943996,10863.304157943996
109,COMP_M,6G_DRONE_14,Prediction,Corrected_Pose,193,194,1966,59,MSCKF_Update,0.0,10863.345314935996,10863.345314935996,10863.344194879995,10863.345314935996
149,COMP_M,6G_DRONE_34,Prediction,Corrected_Pose,293,294,1966,139,MSCKF_Update,0.0,10863.345314935996,10863.345314935996,10863.344194879995,10863.345314935996
109,SINK_M,6G_DRONE_14,Pose_Correction,Pose_Prediction,194,44,59,58,Prediction,0,10863.345314935996,10863.345314935996,10863.345314935996,10863.345314935996
149,SINK_M,6G_DRONE_34,Pose_Correction,Pose_Prediction,294,104,139,138,Prediction,0,10863.345314935996,10863.345314935996,10863.345314935996,10863.345314935996
111,COMP_M,6G_DRONE_15,Prediction,Corrected_Pose,198,199,1966,63,MSCKF_Update,0.0,10863.386471927995,10863.386471927995,10863.385351871995,10863.386471927995
151,COMP_M,6G_DRONE_35,Prediction,Corrected_Pose,298,299,1966,143,MSCKF_Update,0.0,10863.386471927995,10863.386471927995,10863.385351871995,10863.386471927995
111,SINK_M,6G_DRONE_15,Pose_Correction,Pose_Prediction,199,47,63,62,Prediction,0,10863.386471927995,10863.386471927995,10863.386471927995,10863.386471927995
151,SINK_M,6G_DRONE_35,Pose_Correction,Pose_Prediction,299,107,143,142,Prediction,0,10863.386471927995,10863.386471927995,10863.386471927995,10863.386471927995
113,COMP_M,6G_DRONE_16,Prediction,Corrected_Pose,203,204,1966,67,MSCKF_Update,0.0,10863.427628919995,10863.427628919995,10863.426508863995,10863.427628919995
153,COMP_M,6G_DRONE_36,Prediction,Corrected_Pose,303,304,1966,147,MSCKF_Update,0.0,10863.427628919995,10863.427628919995,10863.426508863995,10863.427628919995
113,SINK_M,6G_DRONE_16,Pose_Correction,Pose_Prediction,204,50,67,66,Prediction,0,10863.427628919995,10863.427628919995,10863.427628919995,10863.427628919995
153,SINK_M,6G_DRONE_36,Pose_Correction,Pose_Prediction,304,110,147,146,Prediction,0,10863.427628919995,10863.427628919995,10863.427628919995,10863.427628919995
115,COMP_M,6G_DRONE_17,Prediction,Corrected_Pose,208,209,1966,71,MSCKF_Update,0.0,10863.468785911995,10863.468785911995,10863.467665855995,10863.468785911995
155,COMP_M,6G_DRONE_37,Prediction,Corrected_Pose,308,309,1966,151,MSCKF_Update,0.0,10863.468785911995,10863.468785911995,10863.467665855995,10863.468785911995
115,SINK_M,6G_DRONE_17,Pose_Correction,Pose_Prediction,209,53,71,70,Prediction,0,10863.468785911995,10863.468785911995,10863.468785911995,10863.468785911995
155,SINK_M,6G_DRONE_37,Pose_Correction,Pose_Prediction,309,113,151,150,Prediction,0,10863.468785911995,10863.468785911995,10863.468785911995,10863.468785911995
117,COMP_M,6G_DRONE_18,Prediction,Corrected_Pose,213,214,1966,75,MSCKF_Update,0.0,10863.509942903995,10863.509942903995,10863.508822847994,10863.509942903995
157,COMP_M,6G_DRONE_38,Prediction,Corrected_Pose,313,314,1966,155,MSCKF_Update,0.0,10863.509942903995,10863.509942903995,10863.508822847994,10863.509942903995
117,SINK_M,6G_DRONE_18,Pose_Correction,Pose_Prediction,214,56,75,74,Prediction,0,10863.509942903995,10863.509942903995,10863.509942903995,10863.509942903995
157,SINK_M,6G_DRONE_38,Pose_Correction,Pose_Prediction,314,116,155,154,Prediction,0,10863.509942903995,10863.509942903995,10863.509942903995,10863.509942903995
119,COMP_M,6G_DRONE_19,Prediction,Corrected_Pose,218,219,1966,79,MSCKF_Update,0.0,10863.551099895994,10863.551099895994,10863.549979839994,10863.551099895994
159,COMP_M,6G_DRONE_39,Prediction,Corrected_Pose,318,319,1966,159,MSCKF_Update,0.0,10863.551099895994,10863.551099895994,10863.549979839994,10863.551099895994
119,SINK_M,6G_DRONE_19,Pose_Correction,Pose_Prediction,219,59,79,78,Prediction,0,10863.551099895994,10863.551099895994,10863.551099895994,10863.551099895994
159,SINK_M,6G_DRONE_39,Pose_Correction,Pose_Prediction,319,119,159,158,Prediction,0,10863.551099895994,10863.551099895994,10863.551099895994,10863.551099895994
